Genes	Process	name	num_of_Genes	gene_group	percentage%	P-value	Benjamini and Hochberg (FDR)	 Hommel singlewise process	Bonferroni single-step process	Hommel singlewise process	Hochberg step-up process	Benjamini and Yekutieli
2810;	GO:0000079	regulation of cyclin-dependent protein serine/threonine kinase activity	1	35	2.85714285714286	0.160599945882917	0.228078914741286	1	1	0.999853397354565	0.999853397354564	1
4321; 8091; 688; 23650; 195814; 94234;	GO:0000122	negative regulation of transcription by RNA polymerase II	6	774	0.775193798449612	0.177655871652215	0.241478624470974	1	1	0.999853397354565	0.999853397354564	1
2069;	GO:0000165	MAPK cascade	1	269	0.371747211895911	0.733009239500559	0.755357082168259	1	1	0.999853397354565	0.999853397354564	1
55765; 284340;	GO:0000187	activation of MAPK activity	2	117	1.70940170940171	0.1135855037383	0.185381355651468	1	1	0.999853397354565	0.999853397354564	1
1001;	GO:0000902	cell morphogenesis	1	91	1.0989010989011	0.361099347045361	0.403254116634357	1	1	0.999853397354565	0.999853397354564	1
5307;	GO:0001501	skeletal system development	1	134	0.746268656716418	0.482160970100988	0.509282524669168	1	1	0.999853397354565	0.999853397354564	1
2069; 688; 284340;	GO:0001525	angiogenesis	3	226	1.32743362831858	0.100143853158675	0.169717737745383	1	1	0.999853397354565	0.999853397354564	1
2069;	GO:0001550	ovarian cumulus expansion	1	2	50	0.014471553911037	0.0797508460097368	1	1	0.839350126840149	0.999853397354564	0.542841083418229
2069;	GO:0001556	oocyte maturation	1	18	5.55555555555556	0.0882219949067566	0.15861188446002	1	1	0.999853397354565	0.999853397354564	1
10874;	GO:0001659	temperature homeostasis	1	21	4.76190476190476	0.101428943859667	0.169717737745383	1	1	0.999853397354565	0.999853397354564	1
10874;	GO:0001696	gastric acid secretion	1	6	16.6666666666667	0.0334449061858489	0.107320047064718	1	1	0.999853397354565	0.999853397354564	0.730496709890627
2707; 1825;	GO:0001701	in utero embryonic development	2	171	1.16959064327485	0.204724044544415	0.268899198404192	1	1	0.999853397354565	0.999853397354564	1
6279; 6280;	GO:0001816	cytokine production	2	26	7.69230769230769	0.00809938985783121	0.0690583219031522	1	1	0.69298310621885	0.999853397354564	0.470060145523411
2069;	GO:0001819	positive regulation of cytokine production	1	25	4	0.118744029737539	0.189915530211143	1	1	0.999853397354565	0.999853397354564	1
2810;	GO:0001836	release of cytochrome c from mitochondria	1	22	4.54545454545455	0.105789034383918	0.175277909910609	1	1	0.999853397354565	0.999853397354564	1
8091;	GO:0001837	epithelial to mesenchymal transition	1	38	2.63157894736842	0.172768500433013	0.236739539782535	1	1	0.999853397354565	0.999853397354564	1
2707;	GO:0001890	placenta development	1	36	2.77777777777778	0.164675692686062	0.230636950806169	1	1	0.999853397354565	0.999853397354564	1
1001;	GO:0001895	retina homeostasis	1	40	2.5	0.180783679781611	0.245073063233361	1	1	0.999853397354565	0.999853397354564	1
3853;	GO:0001899	negative regulation of cytolysis by symbiont of host cells	1	1	100	0.00967088926059922	0.0690583219031522	1	1	0.730173612813779	0.999853397354564	0.470060145523411
80326;	GO:0001942	hair follicle development	1	37	2.7027027027027	0.168731846455733	0.234249585601604	1	1	0.999853397354565	0.999853397354564	1
3853; 3868; 5268; 768;	GO:0002009	morphogenesis of an epithelium	4	13	30.7692307692308	1.17817452294222e-06	0.000119466896626341	0.000592621785039937	0.000597334483131706	0.000592621785039937	0.000592621785039937	0.000813176823094002
8091;	GO:0002062	chondrocyte differentiation	1	38	2.63157894736842	0.172768500433013	0.236739539782535	1	1	0.999853397354565	0.999853397354564	1
11187;	GO:0002159	desmosome assembly	1	4	25	0.0240038731582409	0.0943408038079702	1	1	0.989354941167597	0.999853397354564	0.642150732086437
55765; 1755;	GO:0002221	pattern recognition receptor signaling pathway	2	9	22.2222222222222	0.00124336246840029	0.0219867617625215	0.598057347300539	0.630384771478946	0.343051123161955	0.596813984832139	0.149657566950054
4582; 94025; 4585;	GO:0002223	stimulatory C-type lectin receptor signaling pathway	3	122	2.45901639344262	0.0229402930177298	0.0943408038079702	1	1	0.984774594217747	0.999853397354564	0.642150732086437
6279; 6280;	GO:0002224	toll-like receptor signaling pathway	2	45	4.44444444444444	0.0218246625398212	0.0943408038079702	1	1	0.975845190417702	0.999853397354564	0.642150732086437
55765;	GO:0002367	cytokine production involved in immune response	1	3	33.3333333333333	0.0192491787224047	0.0871369072523143	1	1	0.939883909183092	0.999853397354564	0.593115879081521
6279; 6280;	GO:0002523	leukocyte migration involved in inflammatory response	2	9	22.2222222222222	0.00124336246840029	0.0219867617625215	0.598057347300539	0.630384771478946	0.343051123161955	0.596813984832139	0.149657566950054
6279;	GO:0002526	acute inflammatory response	1	17	5.88235294117647	0.083777116024585	0.153339342326587	1	1	0.999853397354565	0.999853397354564	1
6279;	GO:0002544	chronic inflammatory response	1	8	12.5	0.0427955184494293	0.115073227644335	1	1	0.999853397354565	0.999853397354564	0.783270381348141
6364;	GO:0002548	monocyte chemotaxis	1	43	2.32558139534884	0.192662506247941	0.257730582236691	1	1	0.999853397354565	0.999853397354564	1
2921; 2919;	GO:0002690	positive regulation of leukocyte chemotaxis	2	23	8.69565217391304	0.00648900951463705	0.0690583219031522	1	1	0.655309606031778	0.999853397354564	0.470060145523411
6279; 6280;	GO:0002793	positive regulation of peptide secretion	2	4	50	0.000344508113106268	0.00919292701815146	0.168808975422071	0.174665613344878	0.151583569766758	0.168464467308965	0.0625736115916411
5650;	GO:0002803	positive regulation of antibacterial peptide production	1	3	33.3333333333333	0.0192491787224047	0.0871369072523143	1	1	0.939883909183092	0.999853397354564	0.593115879081521
8091;	GO:0003131	mesodermal-endodermal cell signaling	1	1	100	0.00967088926059922	0.0690583219031522	1	1	0.730173612813779	0.999853397354564	0.470060145523411
11254;	GO:0003333	amino acid transmembrane transport	1	37	2.7027027027027	0.168731846455733	0.234249585601604	1	1	0.999853397354565	0.999853397354564	1
2810;	GO:0003334	keratinocyte development	1	9	11.1111111111111	0.0474371850266357	0.119654989097036	1	1	0.999853397354565	0.999853397354564	0.81445711447251
57111; 79983;	GO:0003382	epithelial cell morphogenesis	2	15	13.3333333333333	0.00301677393088262	0.0437001252273568	1	1	0.512025486445604	0.999853397354564	0.297454190279492
29785;	GO:0006082	organic acid metabolic process	1	20	5	0.0970478075547262	0.166790638746597	1	1	0.999853397354565	0.999853397354564	1
8091;	GO:0006284	base-excision repair	1	33	3.03030303030303	0.152389298002329	0.220746783106231	1	1	0.999853397354565	0.999853397354564	1
8091;	GO:0006325	chromatin organization	1	130	0.769230769230769	0.471931602025051	0.500563435620713	1	1	0.999853397354565	0.999853397354564	1
94234;	GO:0006351	transcription, DNA-templated	1	1738	0.0575373993095512	0.999853397354564	0.999853397354564	1	1	0.999853397354565	0.999853397354564	1
8091;	GO:0006355	regulation of transcription, DNA-templated	1	947	0.105596620908131	0.991044989225433	0.993003576160661	1	1	0.999853397354565	0.999853397354564	1
79413; 94234;	GO:0006357	regulation of transcription by RNA polymerase II	2	1213	0.164880461665293	0.983399485080444	0.987294136506505	1	1	0.999853397354565	0.999853397354564	1
8091; 5307; 688; 23650;	GO:0006366	transcription by RNA polymerase II	4	605	0.661157024793388	0.34176295553406	0.387171895792963	1	1	0.999853397354565	0.999853397354564	1
6280; 11187;	GO:0006417	regulation of translation	2	58	3.44827586206897	0.0343181089303105	0.108745507672921	1	1	0.999853397354565	0.999853397354564	0.740199410484334
2810; 131578;	GO:0006469	negative regulation of protein kinase activity	2	104	1.92307692307692	0.093659771851893	0.166790638746597	1	1	0.999853397354565	0.999853397354564	1
2525; 10331;	GO:0006486	protein glycosylation	2	87	2.29885057471264	0.0694246377185286	0.14090464609731	1	1	0.999853397354565	0.999853397354564	0.959097421195853
10331;	GO:0006493	protein O-linked glycosylation	1	52	1.92307692307692	0.227285360241388	0.29173082947439	1	1	0.999853397354565	0.999853397354564	1
1048; 10232; 8581;	GO:0006501	C-terminal protein lipidation	3	73	4.10958904109589	0.00601352585882609	0.0677523913427739	1	1	0.642687434949156	0.999853397354564	0.461171051604856
5655; 11202; 4312; 4321; 5650; 124975; 64063; 56649; 11012; 1510;	GO:0006508	proteolysis	10	508	1.96850393700787	0.000209284883823213	0.00757910257845493	0.103386732608667	0.106107436098369	0.100875314002789	0.103386732608667	0.0515887725444826
11254;	GO:0006520	cellular amino acid metabolic process	1	31	3.2258064516129	0.144099148021041	0.215511115181911	1	1	0.999853397354565	0.999853397354564	1
4321;	GO:0006606	protein import into nucleus	1	61	1.63934426229508	0.260437620357342	0.318941723481093	1	1	0.999853397354565	0.999853397354564	1
2525;	GO:0006672	ceramide metabolic process	1	20	5	0.0970478075547262	0.166790638746597	1	1	0.999853397354565	0.999853397354564	1
768;	GO:0006730	one-carbon metabolic process	1	29	3.44827586206897	0.135728733985959	0.206650054447091	1	1	0.999853397354565	0.999853397354564	1
9022;	GO:0006749	glutathione metabolic process	1	45	2.22222222222222	0.20048682463311	0.264705260648403	1	1	0.999853397354565	0.999853397354564	1
124975;	GO:0006750	glutathione biosynthetic process	1	15	6.66666666666667	0.0748229031998671	0.147607828491567	1	1	0.999853397354565	0.999853397354564	1
124975;	GO:0006751	glutathione catabolic process	1	11	9.09090909090909	0.0566537711269077	0.128229740898849	1	1	0.999853397354565	0.999853397354564	0.872822985068668
29785;	GO:0006805	xenobiotic metabolic process	1	90	1.11111111111111	0.35797360999581	0.402422661347839	1	1	0.999853397354565	0.999853397354564	1
3934;	GO:0006811	ion transport	1	98	1.02040816326531	0.382561650545311	0.421649471361897	1	1	0.999853397354565	0.999853397354564	1
5349;	GO:0006813	potassium ion transport	1	76	1.31578947368421	0.312590242434654	0.360123079094507	1	1	0.999853397354565	0.999853397354564	1
5349;	GO:0006814	sodium ion transport	1	85	1.17647058823529	0.342116389181948	0.387171895792963	1	1	0.999853397354565	0.999853397354564	1
9022; 5349;	GO:0006821	chloride transport	2	31	6.45161290322581	0.0111372214065372	0.0763050169339776	1	1	0.766041790285333	0.999853397354564	0.519386315445852
11254;	GO:0006836	neurotransmitter transport	1	20	5	0.0970478075547262	0.166790638746597	1	1	0.999853397354565	0.999853397354564	1
11254;	GO:0006865	amino acid transport	1	35	2.85714285714286	0.160599945882917	0.228078914741286	1	1	0.999853397354565	0.999853397354564	1
3934;	GO:0006879	cellular iron ion homeostasis	1	60	1.66666666666667	0.256824711810009	0.31527876243989	1	1	0.999853397354565	0.999853397354564	1
57111;	GO:0006886	intracellular protein transport	1	294	0.340136054421769	0.763947317271186	0.781495053353893	1	1	0.999853397354565	0.999853397354564	1
57111;	GO:0006887	exocytosis	1	89	1.12359550561798	0.354832734353553	0.399778214038336	1	1	0.999853397354565	0.999853397354564	1
56649; 1755;	GO:0006898	receptor-mediated endocytosis	2	196	1.02040816326531	0.249307245877503	0.310098092306963	1	1	0.999853397354565	0.999853397354564	1
90019;	GO:0006906	vesicle fusion	1	71	1.40845070422535	0.295623843972797	0.348561136963274	1	1	0.999853397354565	0.999853397354564	1
6279; 6280; 3691;	GO:0006914	autophagy	3	118	2.54237288135593	0.0210793999091394	0.0937478574906464	1	1	0.969652395820414	0.999853397354564	0.638114716954189
6279; 6280; 3934; 84951; 57402;	GO:0006915	apoptotic process	5	540	0.925925925925926	0.125397969413872	0.198058475055555	1	1	0.999853397354565	0.999853397354564	1
6279; 6280;	GO:0006919	activation of cysteine-type endopeptidase activity involved in apoptotic process	2	86	2.32558139534884	0.0680731906798705	0.14090464609731	1	1	0.999853397354565	0.999853397354564	0.959097421195853
2919; 6364; 284340;	GO:0006935	chemotaxis	3	121	2.47933884297521	0.0224669380983064	0.0943408038079702	1	1	0.980441833589511	0.999853397354564	0.642150732086437
4486; 1755;	GO:0006952	defense response	2	65	3.07692307692308	0.0419482268192972	0.115073227644335	1	1	0.999853397354565	0.999853397354564	0.783270381348141
6279; 6280; 3868; 2919; 3694; 2921; 6364;	GO:0006954	inflammatory response	7	391	1.79028132992327	0.00324737456068291	0.0457338583962844	1	1	0.526074678830632	0.999853397354564	0.311297227338552
6590; 2919; 2921; 6364;	GO:0006955	immune response	4	439	0.911161731207289	0.168164131489867	0.234249585601604	1	1	0.999853397354565	0.999853397354564	1
4582; 2810;	GO:0006977	DNA damage response, signal transduction by p53 class mediator resulting in cell cycle arrest	2	62	3.2258064516129	0.0386057175345771	0.109961229157475	1	1	0.999853397354565	0.999853397354564	0.748474477155469
4582;	GO:0006978	DNA damage response, signal transduction by p53 class mediator resulting in transcription of p21 class mediator	1	16	6.25	0.0793107862791833	0.148928032013133	1	1	0.999853397354565	0.999853397354564	1
3853; 3854; 3868; 3852; 3866;	GO:0007010	cytoskeleton organization	5	160	3.125	0.00125762542625862	0.0219867617625215	0.602402579177881	0.637616091113122	0.344589366794863	0.602402579177881	0.149657566950054
79983;	GO:0007015	actin filament organization	1	105	0.952380952380952	0.403309949714651	0.43879430151358	1	1	0.999853397354565	0.999853397354564	1
653145;	GO:0007032	endosome organization	1	34	2.94117647058824	0.156504512363655	0.224146293130997	1	1	0.999853397354565	0.999853397354564	1
1001;	GO:0007043	cell-cell junction assembly	1	36	2.77777777777778	0.164675692686062	0.230636950806169	1	1	0.999853397354565	0.999853397354564	1
5655; 126353;	GO:0007049	cell cycle	2	265	0.754716981132076	0.372031294401935	0.412734937115495	1	1	0.999853397354565	0.999853397354564	1
8091;	GO:0007095	mitotic G2 DNA damage checkpoint	1	20	5	0.0970478075547262	0.166790638746597	1	1	0.999853397354565	0.999853397354564	1
2069;	GO:0007143	female meiotic nuclear division	1	8	12.5	0.0427955184494293	0.115073227644335	1	1	0.999853397354565	0.999853397354564	0.783270381348141
2707; 127534;	GO:0007154	cell communication	2	28	7.14285714285714	0.00926235031401856	0.0690583219031522	1	1	0.721633570558647	0.999853397354564	0.470060145523411
3691; 3694; 1001; 10232; 3914; 3918; 8581; 1825; 25975; 94025;	GO:0007155	cell adhesion	10	464	2.1551724137931	0.000101817849577301	0.00573573885952132	0.0508071069390734	0.0516216497356918	0.0498479740131108	0.0508071069390734	0.0390415256074707
1001; 1825; 81607;	GO:0007156	homophilic cell adhesion via plasma membrane adhesion molecules	3	157	1.91082802547771	0.0428971203644563	0.115073227644335	1	1	0.999853397354565	0.999853397354564	0.783270381348141
81607;	GO:0007157	heterophilic cell-cell adhesion via plasma membrane cell adhesion molecules	1	52	1.92307692307692	0.227285360241388	0.29173082947439	1	1	0.999853397354565	0.999853397354564	1
3691; 3694; 10232; 4585; 1308;	GO:0007160	cell-matrix adhesion	5	93	5.37634408602151	0.000114986271109951	0.00582980394527454	0.0572631630127558	0.0582980394527454	0.0561133003016563	0.0572631630127558	0.039681799606017
9022; 6277; 2919; 2810; 4680; 6364; 3872; 4486; 9982; 9052;	GO:0007165	signal transduction	10	1201	0.832639467110741	0.0687001701108872	0.14090464609731	1	1	0.999853397354565	0.999853397354564	0.959097421195853
4070; 266977; 221393;	GO:0007166	cell surface receptor signaling pathway	3	255	1.17647058823529	0.130175953409005	0.202451559442839	1	1	0.999853397354565	0.999853397354564	1
2069; 84985;	GO:0007173	epidermal growth factor receptor signaling pathway	2	61	3.27868852459016	0.0375154192885961	0.109224015808718	1	1	0.999853397354565	0.999853397354564	0.743456477811598
9052;	GO:0007175	negative regulation of epidermal growth factor-activated receptor activity	1	14	7.14285714285714	0.0703133638315967	0.14090464609731	1	1	0.999853397354565	0.999853397354564	0.959097421195853
2919; 2921; 10874; 6364; 266977; 221393; 9052;	GO:0007186	G-protein coupled receptor signaling pathway	7	1130	0.619469026548673	0.313243151638418	0.360123079094507	1	1	0.999853397354565	0.999853397354564	1
266977;	GO:0007189	adenylate cyclase-activating G-protein coupled receptor signaling pathway	1	69	1.44927536231884	0.288721789147669	0.343619594126451	1	1	0.999853397354565	0.999853397354564	1
10874;	GO:0007204	positive regulation of cytosolic calcium ion concentration	1	137	0.72992700729927	0.489704026648569	0.516174514575518	1	1	0.999853397354565	0.999853397354564	1
10874;	GO:0007218	neuropeptide signaling pathway	1	105	0.952380952380952	0.403309949714651	0.43879430151358	1	1	0.999853397354565	0.999853397354564	1
3880;	GO:0007219	Notch signaling pathway	1	112	0.892857142857143	0.423367765922808	0.458648413083042	1	1	0.999853397354565	0.999853397354564	1
3691; 3694;	GO:0007229	integrin-mediated signaling pathway	2	87	2.29885057471264	0.0694246377185286	0.14090464609731	1	1	0.999853397354565	0.999853397354564	0.959097421195853
2069; 6280; 4680; 6364; 9982;	GO:0007267	cell-cell signaling	5	316	1.58227848101266	0.0200538723725022	0.0899762238306073	1	1	0.951392691744518	0.999853397354564	0.612442290833188
8091; 25975; 1755; 1001; 4486;	GO:0007275	multicellular organism development	5	568	0.880281690140845	0.145666759473575	0.217177946926092	1	1	0.999853397354565	0.999853397354564	1
2707;	GO:0007283	spermatogenesis	1	387	0.258397932816538	0.850907472525854	0.861097981178858	1	1	0.999853397354565	0.999853397354564	1
4486;	GO:0007338	single fertilization	1	58	1.72413793103448	0.249546393809154	0.310098092306963	1	1	0.999853397354565	0.999853397354564	1
90019;	GO:0007340	acrosome reaction	1	16	6.25	0.0793107862791833	0.148928032013133	1	1	0.999853397354565	0.999853397354564	1
3854;	GO:0007398	ectoderm development	1	13	7.69230769230769	0.065782064732448	0.139546053637452	1	1	0.999853397354565	0.999853397354564	0.949849872865857
2919;	GO:0007399	nervous system development	1	327	0.305810397553517	0.799412115940525	0.813859322855113	1	1	0.999853397354565	0.999853397354564	1
6277;	GO:0007409	axonogenesis	1	102	0.980392156862745	0.394503724086238	0.431994358772619	1	1	0.999853397354565	0.999853397354564	1
266977;	GO:0007416	synapse assembly	1	64	1.5625	0.271172341972617	0.327343755666945	1	1	0.999853397354565	0.999853397354564	1
5653;	GO:0007417	central nervous system development	1	118	0.847457627118644	0.440027880042395	0.472657066062488	1	1	0.999853397354565	0.999853397354564	1
3868;	GO:0007568	aging	1	154	0.649350649350649	0.530438104790787	0.554499214698822	1	1	0.999853397354565	0.999853397354564	1
653145;	GO:0007596	blood coagulation	1	171	0.584795321637427	0.567950535790469	0.59127499311246	1	1	0.999853397354565	0.999853397354564	1
4070; 1001;	GO:0007601	visual perception	2	197	1.01522842639594	0.251101640782651	0.310508614333669	1	1	0.999853397354565	0.999853397354564	1
127534;	GO:0007608	sensory perception of smell	1	243	0.411522633744856	0.696573697815187	0.719272637051527	1	1	0.999853397354565	0.999853397354564	1
11202; 266977;	GO:0007613	memory	2	72	2.77777777777778	0.0501475783653198	0.124493771755691	1	1	0.999853397354565	0.999853397354564	0.847393317061871
5266;	GO:0007620	copulation	1	2	50	0.014471553911037	0.0797508460097368	1	1	0.839350126840149	0.999853397354564	0.542841083418229
81607;	GO:0008037	cell recognition	1	23	4.34782608695652	0.110128179209321	0.180695750353158	1	1	0.999853397354565	0.999853397354564	1
84951;	GO:0008104	protein localization	1	71	1.40845070422535	0.295623843972797	0.348561136963274	1	1	0.999853397354565	0.999853397354564	1
124975;	GO:0008150	biological_process	1	611	0.16366612111293	0.951133176548044	0.956794683551306	1	1	0.999853397354565	0.999853397354564	1
11202;	GO:0008219	cell death	1	33	3.03030303030303	0.152389298002329	0.220746783106231	1	1	0.999853397354565	0.999853397354564	1
3868; 2919; 4070; 84985;	GO:0008283	cell proliferation	4	365	1.0958904109589	0.10465102137216	0.174533117880543	1	1	0.999853397354565	0.999853397354564	1
2069; 3853; 4680; 57111; 4486; 3918; 688;	GO:0008284	positive regulation of cell proliferation	7	477	1.46750524109015	0.00922252357887143	0.0690583219031522	1	1	0.719356839151972	0.999853397354564	0.470060145523411
2069; 2919; 9982;	GO:0008285	negative regulation of cell proliferation	3	391	0.767263427109974	0.298593852011006	0.350157810836853	1	1	0.999853397354565	0.999853397354564	1
9982;	GO:0008543	fibroblast growth factor receptor signaling pathway	1	82	1.21951219512195	0.332416584360569	0.377881632894189	1	1	0.999853397354565	0.999853397354564	1
8796; 3868; 3852; 3866; 6699; 5650; 3872; 3914; 3918; 1474; 1308;	GO:0008544	epidermis development	11	82	13.4146341463415	9.53459533548084e-13	1.79409598288771e-10	4.82450523975331e-10	4.83403983508879e-10	4.81497064441783e-10	4.82450523975331e-10	1.22118956203694e-09
2810;	GO:0008630	intrinsic apoptotic signaling pathway in response to DNA damage	1	44	2.27272727272727	0.196584095084235	0.260911351329076	1	1	0.999853397354565	0.999853397354564	1
2069;	GO:0009299	mRNA transcription	1	6	16.6666666666667	0.0334449061858489	0.107320047064718	1	1	0.999853397354565	0.999853397354564	0.730496709890627
2525;	GO:0009312	oligosaccharide biosynthetic process	1	34	2.94117647058824	0.156504512363655	0.224146293130997	1	1	0.999853397354565	0.999853397354564	1
11202; 3691; 5653;	GO:0009611	response to wounding	3	64	4.6875	0.00422835249913822	0.0549685824887969	1	1	0.575556907405283	0.999853397354564	0.374155339600281
8796;	GO:0009612	response to mechanical stimulus	1	60	1.66666666666667	0.256824711810009	0.31527876243989	1	1	0.999853397354565	0.999853397354564	1
8091; 4486;	GO:0009615	response to virus	2	106	1.88679245283019	0.0966537879125191	0.166790638746597	1	1	0.999853397354565	0.999853397354564	1
11254;	GO:0009636	response to toxic substance	1	74	1.35135135135135	0.305852787818102	0.355659090421508	1	1	0.999853397354565	0.999853397354564	1
10874;	GO:0009648	photoperiodism	1	3	33.3333333333333	0.0192491787224047	0.0871369072523143	1	1	0.939883909183092	0.999853397354564	0.593115879081521
2069; 5307; 1474; 94234;	GO:0009653	anatomical structure morphogenesis	4	139	2.87769784172662	0.00518995655445265	0.0626501898358927	1	1	0.615306205333891	0.999853397354564	0.426441832638635
8796;	GO:0009792	embryo development ending in birth or egg hatching	1	18	5.55555555555556	0.0882219949067566	0.15861188446002	1	1	0.999853397354565	0.999853397354564	1
2069;	GO:0009887	animal organ morphogenesis	1	91	1.0989010989011	0.361099347045361	0.403254116634357	1	1	0.999853397354565	0.999853397354564	1
4486;	GO:0009968	negative regulation of signal transduction	1	93	1.0752688172043	0.367305693955974	0.409283487550942	1	1	0.999853397354565	0.999853397354564	1
2525;	GO:0009988	cell-cell recognition	1	6	16.6666666666667	0.0334449061858489	0.107320047064718	1	1	0.999853397354565	0.999853397354564	0.730496709890627
6279;	GO:0010043	response to zinc ion	1	34	2.94117647058824	0.156504512363655	0.224146293130997	1	1	0.999853397354565	0.999853397354564	1
10874;	GO:0010460	positive regulation of heart rate	1	18	5.55555555555556	0.0882219949067566	0.15861188446002	1	1	0.999853397354565	0.999853397354564	1
2919; 2921; 6364; 80326;	GO:0010469	regulation of signaling receptor activity	4	440	0.909090909090909	0.169103251144353	0.234249585601604	1	1	0.999853397354565	0.999853397354564	1
2810;	GO:0010482	regulation of epidermal cell division	1	3	33.3333333333333	0.0192491787224047	0.0871369072523143	1	1	0.939883909183092	0.999853397354564	0.593115879081521
8091;	GO:0010564	regulation of cell cycle process	1	7	14.2857142857143	0.0381314611403215	0.109224015808718	1	1	0.999853397354565	0.999853397354564	0.743456477811598
284340;	GO:0010575	positive regulation of vascular endothelial growth factor production	1	27	3.7037037037037	0.127277286716657	0.198552567277985	1	1	0.999853397354565	0.999853397354564	1
10551; 1001; 8091; 80326; 11187;	GO:0010628	positive regulation of gene expression	5	298	1.67785234899329	0.0160450879991541	0.0856301012165379	1	1	0.878409037264316	0.999853397354564	0.582859483546079
4070;	GO:0010633	negative regulation of epithelial cell migration	1	16	6.25	0.0793107862791833	0.148928032013133	1	1	0.999853397354565	0.999853397354564	1
57111;	GO:0010634	positive regulation of epithelial cell migration	1	35	2.85714285714286	0.160599945882917	0.228078914741286	1	1	0.999853397354565	0.999853397354564	1
284340;	GO:0010759	positive regulation of macrophage chemotaxis	1	12	8.33333333333333	0.0612289019715984	0.133806264222415	1	1	0.999853397354565	0.999853397354564	0.910780776291373
10551; 25975;	GO:0010811	positive regulation of cell-substrate adhesion	2	37	5.40540540540541	0.0153389953185231	0.0827326662392683	1	1	0.858983737837295	0.999853397354564	0.563137476559434
1048;	GO:0010832	negative regulation of myotube differentiation	1	16	6.25	0.0793107862791833	0.148928032013133	1	1	0.999853397354565	0.999853397354564	1
1001;	GO:0010838	positive regulation of keratinocyte proliferation	1	9	11.1111111111111	0.0474371850266357	0.119654989097036	1	1	0.999853397354565	0.999853397354564	0.81445711447251
2810;	GO:0010839	negative regulation of keratinocyte proliferation	1	13	7.69230769230769	0.065782064732448	0.139546053637452	1	1	0.999853397354565	0.999853397354564	0.949849872865857
4582;	GO:0010944	negative regulation of transcription by competitive promoter binding	1	9	11.1111111111111	0.0474371850266357	0.119654989097036	1	1	0.999853397354565	0.999853397354564	0.81445711447251
6590; 5266; 5268;	GO:0010951	negative regulation of endopeptidase activity	3	123	2.4390243902439	0.0234190692350867	0.0943408038079702	1	1	0.984774594217747	0.999853397354564	0.642150732086437
5653;	GO:0010975	regulation of neuron projection development	1	20	5	0.0970478075547262	0.166790638746597	1	1	0.999853397354565	0.999853397354564	1
6280;	GO:0010976	positive regulation of neuron projection development	1	95	1.05263157894737	0.373452348860774	0.413406857800027	1	1	0.999853397354565	0.999853397354564	1
6279; 6280;	GO:0014002	astrocyte development	2	17	11.7647058823529	0.0037692961461091	0.0516495444885761	1	1	0.557849276240826	0.999853397354564	0.351563602031426
80326;	GO:0014033	neural crest cell differentiation	1	6	16.6666666666667	0.0334449061858489	0.107320047064718	1	1	0.999853397354565	0.999853397354564	0.730496709890627
5307;	GO:0014707	branchiomeric skeletal muscle development	1	3	33.3333333333333	0.0192491787224047	0.0871369072523143	1	1	0.939883909183092	0.999853397354564	0.593115879081521
57111; 405753; 1755;	GO:0015031	protein transport	3	365	0.821917808219178	0.2643397641185	0.321391511769975	1	1	0.999853397354565	0.999853397354564	1
768;	GO:0015701	bicarbonate transport	1	43	2.32558139534884	0.192662506247941	0.257730582236691	1	1	0.999853397354565	0.999853397354564	1
3934;	GO:0015891	siderophore transport	1	2	50	0.014471553911037	0.0797508460097368	1	1	0.839350126840149	0.999853397354564	0.542841083418229
4312; 3880; 3855; 1755;	GO:0016032	viral process	4	333	1.2012012012012	0.0814171086518634	0.151759095906231	1	1	0.999853397354565	0.999853397354564	1
80326;	GO:0016055	Wnt signaling pathway	1	184	0.543478260869565	0.594620432340324	0.616508301015428	1	1	0.999853397354565	0.999853397354564	1
90019;	GO:0016079	synaptic vesicle exocytosis	1	44	2.27272727272727	0.196584095084235	0.260911351329076	1	1	0.999853397354565	0.999853397354564	1
653145;	GO:0016197	endosomal transport	1	78	1.28205128205128	0.319262950371965	0.365386717468592	1	1	0.999853397354565	0.999853397354564	1
4582; 94025; 4585; 10331;	GO:0016266	O-glycan processing	4	64	6.25	0.00033359143750733	0.00919292701815146	0.163793395816099	0.169130858816216	0.148114598253255	0.163793395816099	0.0625736115916411
1001;	GO:0016339	calcium-dependent cell-cell adhesion via plasma membrane cell adhesion molecules	1	45	2.22222222222222	0.20048682463311	0.264705260648403	1	1	0.999853397354565	0.999853397354564	1
5653;	GO:0016485	protein processing	1	66	1.51515151515152	0.27824297669269	0.335081209461268	1	1	0.999853397354565	0.999853397354564	1
1510; 5653;	GO:0016540	protein autoprocessing	2	13	15.3846153846154	0.00234387734465391	0.0360104792042283	1	1	0.467527091997638	0.999853397354564	0.2451129802842
90019;	GO:0017158	regulation of calcium ion-dependent exocytosis	1	33	3.03030303030303	0.152389298002329	0.220746783106231	1	1	0.999853397354565	0.999853397354564	1
2069; 4486;	GO:0018108	peptidyl-tyrosine phosphorylation	2	155	1.29032258064516	0.176717114715189	0.240941865435385	1	1	0.999853397354565	0.999853397354564	1
6279;	GO:0018119	peptidyl-cysteine S-nitrosylation	1	4	25	0.0240038731582409	0.0943408038079702	1	1	0.989354941167597	0.999853397354564	0.642150732086437
10331;	GO:0018146	keratan sulfate biosynthetic process	1	29	3.44827586206897	0.135728733985959	0.206650054447091	1	1	0.999853397354565	0.999853397354564	1
5266; 6699;	GO:0018149	peptide cross-linking	2	51	3.92156862745098	0.0273054983965404	0.101173772963909	1	1	0.999853397354564	0.999853397354564	0.688660788909159
2069; 4312; 2919; 4582; 6364; 3934; 131578;	GO:0019221	cytokine-mediated signaling pathway	7	310	2.25806451612903	0.000894196112716239	0.0181342971658853	0.431896722441943	0.453357429147133	0.283460167731048	0.431896722441943	0.123434947879493
10874;	GO:0019233	sensory perception of pain	1	53	1.88679245283019	0.231040412431932	0.294315299253742	1	1	0.999853397354565	0.999853397354564	1
29785;	GO:0019373	epoxygenase P450 pathway	1	21	4.76190476190476	0.101428943859667	0.169717737745383	1	1	0.999853397354565	0.999853397354564	1
6279; 6280; 5266; 3934;	GO:0019730	antimicrobial humoral response	4	52	7.69230769230769	0.000157289704885932	0.00613429849055136	0.0778584039185365	0.0797458803771677	0.0764007446452114	0.0778584039185365	0.0417544064449819
6590;	GO:0019731	antibacterial humoral response	1	30	3.33333333333333	0.139924021913819	0.211135354494959	1	1	0.999853397354565	0.999853397354564	1
1510;	GO:0019886	antigen processing and presentation of exogenous peptide antigen via MHC class II	1	98	1.02040816326531	0.382561650545311	0.421649471361897	1	1	0.999853397354565	0.999853397354564	1
5307;	GO:0021983	pituitary gland development	1	27	3.7037037037037	0.127277286716657	0.198552567277985	1	1	0.999853397354565	0.999853397354564	1
1001;	GO:0022405	hair cycle process	1	4	25	0.0240038731582409	0.0943408038079702	1	1	0.989354941167597	0.999853397354564	0.642150732086437
4312; 4321; 5650; 3914; 3918;	GO:0022617	extracellular matrix disassembly	5	80	6.25	5.83680668567732e-05	0.003699076237048	0.0291840334283866	0.029592609896384	0.0287754569603892	0.0291840334283866	0.0251785486002319
688;	GO:0030033	microvillus assembly	1	17	5.88235294117647	0.083777116024585	0.153339342326587	1	1	0.999853397354565	0.999853397354564	1
2919; 79983;	GO:0030036	actin cytoskeleton organization	2	137	1.45985401459854	0.146070374559758	0.217177946926092	1	1	0.999853397354565	0.999853397354564	1
8581;	GO:0030098	lymphocyte differentiation	1	7	14.2857142857143	0.0381314611403215	0.109224015808718	1	1	0.999853397354565	0.999853397354564	0.743456477811598
10551; 3853; 284340; 25975; 94234; 4486;	GO:0030154	cell differentiation	6	617	0.972447325769854	0.0823164687335115	0.152873441933664	1	1	0.999853397354565	0.999853397354564	1
1510;	GO:0030163	protein catabolic process	1	32	3.125	0.148254208227766	0.218502568521737	1	1	0.999853397354565	0.999853397354564	1
80326;	GO:0030182	neuron differentiation	1	107	0.934579439252336	0.409110202546929	0.444151761651591	1	1	0.999853397354565	0.999853397354564	1
6280;	GO:0030194	positive regulation of blood coagulation	1	14	7.14285714285714	0.0703133638315967	0.14090464609731	1	1	0.999853397354565	0.999853397354564	0.959097421195853
3691; 3694; 5268; 3914; 3918; 25975;	GO:0030198	extracellular matrix organization	6	197	3.04568527918782	0.00046629526009534	0.0112576998508732	0.22708579166643	0.236411696868337	0.188383285078517	0.22708579166643	0.0766279267194123
2069; 8796; 3868; 6699;	GO:0030216	keratinocyte differentiation	4	72	5.55555555555556	0.000510209859192923	0.0117580181186733	0.24796199156776	0.258676398610812	0.199623663446545	0.24796199156776	0.0800334493456345
8091;	GO:0030261	chromosome condensation	1	10	10	0.0520565672824588	0.124493771755691	1	1	0.999853397354565	0.999853397354564	0.847393317061871
4585;	GO:0030277	maintenance of gastrointestinal epithelium	1	12	8.33333333333333	0.0612289019715984	0.133806264222415	1	1	0.999853397354565	0.999853397354564	0.910780776291373
6279; 6280; 2810; 3872;	GO:0030307	positive regulation of cell growth	4	79	5.06329113924051	0.000712113914473012	0.0150434064432424	0.344663134604938	0.361041754637817	0.246391414407662	0.344663134604938	0.102396143245345
10331;	GO:0030311	poly-N-acetyllactosamine biosynthetic process	1	10	10	0.0520565672824588	0.124493771755691	1	1	0.999853397354565	0.999853397354564	0.847393317061871
4680; 3918; 131578;	GO:0030335	positive regulation of cell migration	3	190	1.57894736842105	0.0675176783585494	0.14090464609731	1	1	0.999853397354565	0.999853397354564	0.959097421195853
3868;	GO:0030336	negative regulation of cell migration	1	101	0.99009900990099	0.39153981848192	0.429676813788601	1	1	0.999853397354565	0.999853397354564	1
4312; 4321; 5653;	GO:0030574	collagen catabolic process	3	65	4.61538461538462	0.00440811070207192	0.0558728031487616	1	1	0.583045905565746	0.999853397354564	0.380310109703215
6279; 6280; 2921; 6364;	GO:0030593	neutrophil chemotaxis	4	63	6.34920634920635	0.000315132854190936	0.00919292701815146	0.15504536426194	0.159772357074805	0.142124917240112	0.15504536426194	0.0625736115916411
2069;	GO:0030728	ovulation	1	12	8.33333333333333	0.0612289019715984	0.133806264222415	1	1	0.999853397354565	0.999853397354564	0.910780776291373
1755;	GO:0030855	epithelial cell differentiation	1	69	1.44927536231884	0.288721789147669	0.343619594126451	1	1	0.999853397354565	0.999853397354564	1
10232;	GO:0031016	pancreas development	1	22	4.54545454545455	0.105789034383918	0.175277909910609	1	1	0.999853397354565	0.999853397354564	1
8091;	GO:0031052	chromosome breakage	1	1	100	0.00967088926059922	0.0690583219031522	1	1	0.730173612813779	0.999853397354564	0.470060145523411
195814;	GO:0031065	positive regulation of histone deacetylation	1	11	9.09090909090909	0.0566537711269077	0.128229740898849	1	1	0.999853397354565	0.999853397354564	0.872822985068668
3872; 94234; 80326;	GO:0031069	hair follicle morphogenesis	3	26	11.5384615384615	0.000368415769071984	0.00933933974597478	0.179786895307128	0.186786794919496	0.159524028008169	0.179786895307128	0.0635702009417795
266977;	GO:0031175	neuron projection development	1	118	0.847457627118644	0.440027880042395	0.472657066062488	1	1	0.999853397354565	0.999853397354564	1
57111;	GO:0031268	pseudopodium organization	1	1	100	0.00967088926059922	0.0690583219031522	1	1	0.730173612813779	0.999853397354564	0.470060145523411
55765;	GO:0031398	positive regulation of protein ubiquitination	1	64	1.5625	0.271172341972617	0.327343755666945	1	1	0.999853397354565	0.999853397354564	1
3853; 3854; 3880; 3855; 3868; 3852; 3866; 1001; 2810; 286887; 3872; 1825; 144501; 11187;	GO:0031424	keratinization	14	181	7.73480662983425	1.06159525614657e-12	1.79409598288771e-10	5.3610560435402e-10	5.38228794866313e-10	5.3610560435402e-10	5.3610560435402e-10	1.22118956203694e-09
8091;	GO:0031507	heterochromatin assembly	1	4	25	0.0240038731582409	0.0943408038079702	1	1	0.989354941167597	0.999853397354564	0.642150732086437
6280;	GO:0031532	actin cytoskeleton reorganization	1	55	1.81818181818182	0.238496403972345	0.300860547647254	1	1	0.999853397354565	0.999853397354564	1
3852; 3691; 3914; 3918; 1308;	GO:0031581	hemidesmosome assembly	5	11	45.4545454545455	1.01258366136392e-08	1.28344979077877e-06	5.10342165327415e-06	5.13379916311507e-06	5.10342165327415e-06	5.10342165327415e-06	8.73607378226665e-06
11202;	GO:0031642	negative regulation of myelination	1	7	14.2857142857143	0.0381314611403215	0.109224015808718	1	1	0.999853397354565	0.999853397354564	0.743456477811598
10874;	GO:0031652	positive regulation of heat generation	1	4	25	0.0240038731582409	0.0943408038079702	1	1	0.989354941167597	0.999853397354564	0.642150732086437
6590;	GO:0032091	negative regulation of protein binding	1	70	1.42857142857143	0.2921811452629	0.346111777215632	1	1	0.999853397354565	0.999853397354564	1
6279; 6280;	GO:0032119	sequestering of zinc ion	2	4	50	0.000344508113106268	0.00919292701815146	0.168808975422071	0.174665613344878	0.151583569766758	0.168464467308965	0.0625736115916411
4312;	GO:0032461	positive regulation of protein oligomerization	1	16	6.25	0.0793107862791833	0.148928032013133	1	1	0.999853397354565	0.999853397354564	1
57111;	GO:0032482	Rab protein signal transduction	1	70	1.42857142857143	0.2921811452629	0.346111777215632	1	1	0.999853397354565	0.999853397354564	1
55765;	GO:0032494	response to peptidoglycan	1	6	16.6666666666667	0.0334449061858489	0.107320047064718	1	1	0.999853397354565	0.999853397354564	0.730496709890627
55765;	GO:0032495	response to muramyl dipeptide	1	12	8.33333333333333	0.0612289019715984	0.133806264222415	1	1	0.999853397354565	0.999853397354564	0.910780776291373
6590; 6279; 2919; 2921; 57402;	GO:0032496	response to lipopolysaccharide	5	167	2.9940119760479	0.00151119890536455	0.0255392615006609	0.722353076764256	0.766177845019828	0.379310925246503	0.722353076764256	0.173838411457449
688;	GO:0032534	regulation of microvillus assembly	1	5	20	0.028735746167264	0.101173772963909	1	1	0.999853397354565	0.999853397354564	0.688660788909159
6279; 6280;	GO:0032602	chemokine production	2	3	66.6666666666667	0.000230400979116863	0.00778755309414996	0.113587682704613	0.116813296412249	0.109901267038743	0.113587682704613	0.053007635283132
55765;	GO:0032731	positive regulation of interleukin-1 beta production	1	9	11.1111111111111	0.0474371850266357	0.119654989097036	1	1	0.999853397354565	0.999853397354564	0.81445711447251
55765;	GO:0032733	positive regulation of interleukin-10 production	1	24	4.16666666666667	0.114446477946567	0.185381355651468	1	1	0.999853397354565	0.999853397354564	1
55765;	GO:0032755	positive regulation of interleukin-6 production	1	47	2.12765957446809	0.208236064581996	0.271402788542602	1	1	0.999853397354565	0.999853397354564	1
1001;	GO:0032773	positive regulation of monophenol monooxygenase activity	1	1	100	0.00967088926059922	0.0690583219031522	1	1	0.730173612813779	0.999853397354564	0.470060145523411
266977;	GO:0032793	positive regulation of CREB transcription factor activity	1	16	6.25	0.0793107862791833	0.148928032013133	1	1	0.999853397354565	0.999853397354564	1
55765;	GO:0032874	positive regulation of stress-activated MAPK cascade	1	16	6.25	0.0793107862791833	0.148928032013133	1	1	0.999853397354565	0.999853397354564	1
1001;	GO:0032912	negative regulation of transforming growth factor beta2 production	1	2	50	0.014471553911037	0.0797508460097368	1	1	0.839350126840149	0.999853397354564	0.542841083418229
768;	GO:0033574	response to testosterone	1	33	3.03030303030303	0.152389298002329	0.220746783106231	1	1	0.999853397354565	0.999853397354564	1
3694;	GO:0033627	cell adhesion mediated by integrin	1	16	6.25	0.0793107862791833	0.148928032013133	1	1	0.999853397354565	0.999853397354564	1
4582;	GO:0033629	negative regulation of cell adhesion mediated by integrin	1	9	11.1111111111111	0.0474371850266357	0.119654989097036	1	1	0.999853397354565	0.999853397354564	0.81445711447251
4486;	GO:0033674	positive regulation of kinase activity	1	67	1.49253731343284	0.281752785209126	0.337703692910229	1	1	0.999853397354565	0.999853397354564	1
1048;	GO:0034109	homotypic cell-cell adhesion	1	6	16.6666666666667	0.0334449061858489	0.107320047064718	1	1	0.999853397354565	0.999853397354564	0.730496709890627
57402;	GO:0034142	toll-like receptor 4 signaling pathway	1	16	6.25	0.0793107862791833	0.148928032013133	1	1	0.999853397354565	0.999853397354564	1
6277; 5349;	GO:0034220	ion transmembrane transport	2	234	0.854700854700855	0.317428913141699	0.364109635662537	1	1	0.999853397354565	0.999853397354564	1
1001; 81607;	GO:0034332	adherens junction organization	2	40	5	0.0176565834777859	0.0871369072523143	1	1	0.909419484755789	0.999853397354564	0.593115879081521
55765;	GO:0034334	adherens junction maintenance	1	2	50	0.014471553911037	0.0797508460097368	1	1	0.839350126840149	0.999853397354564	0.542841083418229
9022;	GO:0034765	regulation of ion transmembrane transport	1	117	0.854700854700855	0.437284666796186	0.472657066062488	1	1	0.999853397354565	0.999853397354564	1
10551;	GO:0034976	response to endoplasmic reticulum stress	1	73	1.36986301369863	0.302459586409567	0.353334125137443	1	1	0.999853397354565	0.999853397354564	1
195814;	GO:0035067	negative regulation of histone acetylation	1	10	10	0.0520565672824588	0.124493771755691	1	1	0.999853397354565	0.999853397354564	0.847393317061871
5307;	GO:0035116	embryonic hindlimb morphogenesis	1	28	3.57142857142857	0.131513187863543	0.202666219595187	1	1	0.999853397354565	0.999853397354564	1
4321;	GO:0035313	wound healing, spreading of epidermal cells	1	9	11.1111111111111	0.0474371850266357	0.119654989097036	1	1	0.999853397354565	0.999853397354564	0.81445711447251
2919;	GO:0035556	intracellular signal transduction	1	424	0.235849056603774	0.875889613299123	0.884613613431585	1	1	0.999853397354565	0.999853397354564	1
6364;	GO:0035584	calcium-mediated signaling using intracellular calcium source	1	20	5	0.0970478075547262	0.166790638746597	1	1	0.999853397354565	0.999853397354564	1
6280;	GO:0035606	peptidyl-cysteine S-trans-nitrosylation	1	2	50	0.014471553911037	0.0797508460097368	1	1	0.839350126840149	0.999853397354564	0.542841083418229
8581;	GO:0035634	response to stilbenoid	1	4	25	0.0240038731582409	0.0943408038079702	1	1	0.989354941167597	0.999853397354564	0.642150732086437
6590; 6280;	GO:0035821	modification of morphology or physiology of other organism	2	2	100	0.000138679476933246	0.00585920790042962	0.068923700035823	0.0703104948051555	0.0675369052664906	0.0687850205588898	0.039881943876226
3691;	GO:0035878	nail development	1	7	14.2857142857143	0.0381314611403215	0.109224015808718	1	1	0.999853397354565	0.999853397354564	0.743456477811598
688;	GO:0035914	skeletal muscle cell differentiation	1	47	2.12765957446809	0.208236064581996	0.271402788542602	1	1	0.999853397354565	0.999853397354564	1
8091;	GO:0035978	histone H2A-S139 phosphorylation	1	1	100	0.00967088926059922	0.0690583219031522	1	1	0.730173612813779	0.999853397354564	0.470060145523411
8091;	GO:0035986	senescence-associated heterochromatin focus assembly	1	3	33.3333333333333	0.0192491787224047	0.0871369072523143	1	1	0.939883909183092	0.999853397354564	0.593115879081521
8091; 3914;	GO:0035987	endodermal cell differentiation	2	28	7.14285714285714	0.00926235031401856	0.0690583219031522	1	1	0.721633570558647	0.999853397354564	0.470060145523411
8091;	GO:0035988	chondrocyte proliferation	1	10	10	0.0520565672824588	0.124493771755691	1	1	0.999853397354565	0.999853397354564	0.847393317061871
4582;	GO:0036003	positive regulation of transcription from RNA polymerase II promoter in response to stress	1	6	16.6666666666667	0.0334449061858489	0.107320047064718	1	1	0.999853397354565	0.999853397354564	0.730496709890627
2525;	GO:0036065	fucosylation	1	11	9.09090909090909	0.0566537711269077	0.128229740898849	1	1	0.999853397354565	0.999853397354564	0.872822985068668
3694;	GO:0038044	transforming growth factor-beta secretion	1	2	50	0.014471553911037	0.0797508460097368	1	1	0.839350126840149	0.999853397354564	0.542841083418229
2069;	GO:0038128	ERBB2 signaling pathway	1	38	2.63157894736842	0.172768500433013	0.236739539782535	1	1	0.999853397354565	0.999853397354564	1
4486;	GO:0038145	macrophage colony-stimulating factor signaling pathway	1	3	33.3333333333333	0.0192491787224047	0.0871369072523143	1	1	0.939883909183092	0.999853397354564	0.593115879081521
8091;	GO:0040008	regulation of growth	1	55	1.81818181818182	0.238496403972345	0.300860547647254	1	1	0.999853397354565	0.999853397354564	1
127534;	GO:0042048	olfactory behavior	1	6	16.6666666666667	0.0334449061858489	0.107320047064718	1	1	0.999853397354565	0.999853397354564	0.730496709890627
2069; 3853; 6279; 1001; 6364;	GO:0042060	wound healing	5	78	6.41025641025641	5.20613349224153e-05	0.003699076237048	0.0260827287961301	0.0263950968056645	0.0257182994516731	0.0260827287961301	0.0251785486002319
2069;	GO:0042108	positive regulation of cytokine biosynthetic process	1	1	100	0.00967088926059922	0.0690583219031522	1	1	0.730173612813779	0.999853397354564	0.470060145523411
2921; 2919;	GO:0042127	regulation of cell proliferation	2	197	1.01522842639594	0.251101640782651	0.310508614333669	1	1	0.999853397354565	0.999853397354564	1
5653;	GO:0042246	tissue regeneration	1	21	4.76190476190476	0.101428943859667	0.169717737745383	1	1	0.999853397354565	0.999853397354564	1
2069;	GO:0042327	positive regulation of phosphorylation	1	27	3.7037037037037	0.127277286716657	0.198552567277985	1	1	0.999853397354565	0.999853397354564	1
5653;	GO:0042445	hormone metabolic process	1	16	6.25	0.0793107862791833	0.148928032013133	1	1	0.999853397354565	0.999853397354564	1
80326;	GO:0042476	odontogenesis	1	31	3.2258064516129	0.144099148021041	0.215511115181911	1	1	0.999853397354565	0.999853397354564	1
80326;	GO:0042487	regulation of odontogenesis of dentin-containing tooth	1	6	16.6666666666667	0.0334449061858489	0.107320047064718	1	1	0.999853397354565	0.999853397354564	0.730496709890627
1001; 768;	GO:0042493	response to drug	2	190	1.05263157894737	0.238552150205515	0.300860547647254	1	1	0.999853397354565	0.999853397354564	1
1755;	GO:0042494	detection of bacterial lipoprotein	1	2	50	0.014471553911037	0.0797508460097368	1	1	0.839350126840149	0.999853397354564	0.542841083418229
5653;	GO:0042552	myelination	1	46	2.17391304347826	0.204370784678509	0.268899198404192	1	1	0.999853397354565	0.999853397354564	1
195814;	GO:0042572	retinol metabolic process	1	30	3.33333333333333	0.139924021913819	0.211135354494959	1	1	0.999853397354565	0.999853397354564	1
195814;	GO:0042574	retinal metabolic process	1	13	7.69230769230769	0.065782064732448	0.139546053637452	1	1	0.999853397354565	0.999853397354564	0.949849872865857
3868;	GO:0042633	hair cycle	1	15	6.66666666666667	0.0748229031998671	0.147607828491567	1	1	0.999853397354565	0.999853397354564	1
2069;	GO:0042700	luteinizing hormone signaling pathway	1	2	50	0.014471553911037	0.0797508460097368	1	1	0.839350126840149	0.999853397354564	0.542841083418229
29785;	GO:0042738	exogenous drug catabolic process	1	24	4.16666666666667	0.114446477946567	0.185381355651468	1	1	0.999853397354565	0.999853397354564	1
6279; 6280; 6364; 57402;	GO:0042742	defense response to bacterium	4	200	2	0.0174261609557436	0.0871369072523143	1	1	0.906160369698665	0.999853397354564	0.593115879081521
405753;	GO:0042743	hydrogen peroxide metabolic process	1	5	20	0.028735746167264	0.101173772963909	1	1	0.999853397354565	0.999853397354564	0.688660788909159
10874;	GO:0042755	eating behavior	1	26	3.84615384615385	0.123020933257398	0.194911291129691	1	1	0.999853397354565	0.999853397354564	1
8091;	GO:0042769	DNA damage response, detection of DNA damage	1	39	2.56410256410256	0.176785747420046	0.240941865435385	1	1	0.999853397354565	0.999853397354564	1
5653;	GO:0042982	amyloid precursor protein metabolic process	1	11	9.09090909090909	0.0566537711269077	0.128229740898849	1	1	0.999853397354565	0.999853397354564	0.872822985068668
8091;	GO:0043065	positive regulation of apoptotic process	1	315	0.317460317460317	0.787172055107416	0.803010527041166	1	1	0.999853397354565	0.999853397354564	1
1048; 8091; 4486;	GO:0043066	negative regulation of apoptotic process	3	522	0.574712643678161	0.469712162950326	0.500302660957595	1	1	0.999853397354565	0.999853397354564	1
2919;	GO:0043085	positive regulation of catalytic activity	1	75	1.33333333333333	0.309229647188506	0.357943906677107	1	1	0.999853397354565	0.999853397354564	1
55765;	GO:0043123	positive regulation of I-kappaB kinase/NF-kappaB signaling	1	167	0.598802395209581	0.559400227796124	0.583571842577438	1	1	0.999853397354565	0.999853397354564	1
1755;	GO:0043152	induction of bacterial agglutination	1	7	14.2857142857143	0.0381314611403215	0.109224015808718	1	1	0.999853397354565	0.999853397354564	0.743456477811598
2810;	GO:0043154	negative regulation of cysteine-type endopeptidase activity involved in apoptotic process	1	72	1.38888888888889	0.299049964679206	0.350157810836853	1	1	0.999853397354565	0.999853397354564	1
6590; 6279; 6280; 2919; 4680; 3934;	GO:0043312	neutrophil degranulation	6	478	1.25523012552301	0.0303868661930875	0.106249249378589	1	1	0.999853397354565	0.999853397354564	0.723208097855225
8091;	GO:0043392	negative regulation of DNA binding	1	32	3.125	0.148254208227766	0.218502568521737	1	1	0.999853397354565	0.999853397354564	1
4486;	GO:0043406	positive regulation of MAP kinase activity	1	58	1.72413793103448	0.249546393809154	0.310098092306963	1	1	0.999853397354565	0.999853397354564	1
4486;	GO:0043410	positive regulation of MAPK cascade	1	141	0.709219858156028	0.499592471925217	0.524416942579886	1	1	0.999853397354565	0.999853397354564	1
2525;	GO:0043413	macromolecule glycosylation	1	1	100	0.00967088926059922	0.0690583219031522	1	1	0.730173612813779	0.999853397354564	0.470060145523411
2069;	GO:0043434	response to peptide hormone	1	43	2.32558139534884	0.192662506247941	0.257730582236691	1	1	0.999853397354565	0.999853397354564	1
6273;	GO:0043542	endothelial cell migration	1	29	3.44827586206897	0.135728733985959	0.206650054447091	1	1	0.999853397354565	0.999853397354564	1
6364;	GO:0043547	positive regulation of GTPase activity	1	330	0.303030303030303	0.80236160101011	0.815225113651555	1	1	0.999853397354565	0.999853397354564	1
1001;	GO:0043568	positive regulation of insulin-like growth factor receptor signaling pathway	1	13	7.69230769230769	0.065782064732448	0.139546053637452	1	1	0.999853397354565	0.999853397354564	0.949849872865857
80326;	GO:0043586	tongue development	1	11	9.09090909090909	0.0566537711269077	0.128229740898849	1	1	0.999853397354565	0.999853397354564	0.872822985068668
2707; 3691; 80326;	GO:0043588	skin development	3	32	9.375	0.000646138806115859	0.0142431467261192	0.313377320966192	0.327592374700741	0.231998167452697	0.313377320966192	0.0969490053954707
2069; 11202; 195814;	GO:0043616	keratinocyte proliferation	3	12	25	4.81928658815356e-05	0.003699076237048	0.0241928186725309	0.0244337830019385	0.0238072757454786	0.0241928186725309	0.0251785486002319
4582;	GO:0043618	regulation of transcription from RNA polymerase II promoter in response to stress	1	7	14.2857142857143	0.0381314611403215	0.109224015808718	1	1	0.999853397354565	0.999853397354564	0.743456477811598
3880;	GO:0043627	response to estrogen	1	63	1.58730158730159	0.267611352780174	0.324590803491742	1	1	0.999853397354565	0.999853397354564	1
10232;	GO:0043687	post-translational protein modification	1	354	0.282485875706215	0.824462450972998	0.83600492528662	1	1	0.999853397354565	0.999853397354564	1
8091;	GO:0043922	negative regulation by host of viral transcription	1	12	8.33333333333333	0.0612289019715984	0.133806264222415	1	1	0.999853397354565	0.999853397354564	0.910780776291373
4312; 10232; 1755;	GO:0044267	cellular protein metabolic process	3	192	1.5625	0.0691797285214664	0.14090464609731	1	1	0.999853397354565	0.999853397354564	0.959097421195853
1001;	GO:0044331	cell-cell adhesion mediated by cadherin	1	23	4.34782608695652	0.110128179209321	0.180695750353158	1	1	0.999853397354565	0.999853397354564	1
10874;	GO:0044497	positive regulation of blood pressure in other organism	1	1	100	0.00967088926059922	0.0690583219031522	1	1	0.730173612813779	0.999853397354564	0.470060145523411
6590;	GO:0045071	negative regulation of viral genome replication	1	41	2.4390243902439	0.184762389447543	0.249134392154001	1	1	0.999853397354565	0.999853397354564	1
6590; 6279; 6280; 3868; 3934; 4486; 23650; 55765; 1755;	GO:0045087	innate immune response	9	513	1.75438596491228	0.000982017782256039	0.0191493467539928	0.473332571047411	0.497883015603812	0.301479459152604	0.473332571047411	0.130344098637144
2069;	GO:0045089	positive regulation of innate immune response	1	20	5	0.0970478075547262	0.166790638746597	1	1	0.999853397354565	0.999853397354564	1
3868; 286887;	GO:0045104	intermediate filament cytoskeleton organization	2	14	14.2857142857143	0.00267027330709002	0.0398184872557247	1	1	0.488660015197474	0.999853397354564	0.271032996431581
3872;	GO:0045109	intermediate filament organization	1	17	5.88235294117647	0.083777116024585	0.153339342326587	1	1	0.999853397354565	0.999853397354564	1
6280;	GO:0045113	regulation of integrin biosynthetic process	1	1	100	0.00967088926059922	0.0690583219031522	1	1	0.730173612813779	0.999853397354564	0.470060145523411
80326;	GO:0045165	cell fate commitment	1	52	1.92307692307692	0.227285360241388	0.29173082947439	1	1	0.999853397354565	0.999853397354564	1
10874;	GO:0045187	regulation of circadian sleep/wake cycle, sleep	1	7	14.2857142857143	0.0381314611403215	0.109224015808718	1	1	0.999853397354565	0.999853397354564	0.743456477811598
3880;	GO:0045214	sarcomere organization	1	41	2.4390243902439	0.184762389447543	0.249134392154001	1	1	0.999853397354565	0.999853397354564	1
23120;	GO:0045332	phospholipid translocation	1	23	4.34782608695652	0.110128179209321	0.180695750353158	1	1	0.999853397354565	0.999853397354564	1
2069;	GO:0045410	positive regulation of interleukin-6 biosynthetic process	1	7	14.2857142857143	0.0381314611403215	0.109224015808718	1	1	0.999853397354565	0.999853397354564	0.743456477811598
8091;	GO:0045444	fat cell differentiation	1	67	1.49253731343284	0.281752785209126	0.337703692910229	1	1	0.999853397354565	0.999853397354564	1
6279;	GO:0045471	response to ethanol	1	101	0.99009900990099	0.39153981848192	0.429676813788601	1	1	0.999853397354565	0.999853397354564	1
5653;	GO:0045595	regulation of cell differentiation	1	32	3.125	0.148254208227766	0.218502568521737	1	1	0.999853397354565	0.999853397354564	1
688;	GO:0045600	positive regulation of fat cell differentiation	1	49	2.04081632653061	0.215910939303833	0.27996635863694	1	1	0.999853397354565	0.999853397354564	1
2810;	GO:0045606	positive regulation of epidermal cell differentiation	1	8	12.5	0.0427955184494293	0.115073227644335	1	1	0.999853397354565	0.999853397354564	0.783270381348141
3872;	GO:0045727	positive regulation of translation	1	62	1.61290322580645	0.264033139729474	0.321391511769975	1	1	0.999853397354565	0.999853397354564	1
2069;	GO:0045740	positive regulation of DNA replication	1	25	4	0.118744029737539	0.189915530211143	1	1	0.999853397354565	0.999853397354564	1
2069;	GO:0045741	positive regulation of epidermal growth factor-activated receptor activity	1	10	10	0.0520565672824588	0.124493771755691	1	1	0.999853397354565	0.999853397354564	0.847393317061871
10551;	GO:0045742	positive regulation of epidermal growth factor receptor signaling pathway	1	25	4	0.118744029737539	0.189915530211143	1	1	0.999853397354565	0.999853397354564	1
9982;	GO:0045743	positive regulation of fibroblast growth factor receptor signaling pathway	1	6	16.6666666666667	0.0334449061858489	0.107320047064718	1	1	0.999853397354565	0.999853397354564	0.730496709890627
5653;	GO:0045745	positive regulation of G-protein coupled receptor protein signaling pathway	1	11	9.09090909090909	0.0566537711269077	0.128229740898849	1	1	0.999853397354565	0.999853397354564	0.872822985068668
8091;	GO:0045766	positive regulation of angiogenesis	1	129	0.775193798449612	0.469343158331219	0.500302660957595	1	1	0.999853397354565	0.999853397354564	1
2069;	GO:0045840	positive regulation of mitotic nuclear division	1	26	3.84615384615385	0.123020933257398	0.194911291129691	1	1	0.999853397354565	0.999853397354564	1
2069;	GO:0045860	positive regulation of protein kinase activity	1	54	1.85185185185185	0.234777398326665	0.298326167798544	1	1	0.999853397354565	0.999853397354564	1
8091;	GO:0045869	negative regulation of single stranded viral RNA replication via double stranded DNA intermediate	1	9	11.1111111111111	0.0474371850266357	0.119654989097036	1	1	0.999853397354565	0.999853397354564	0.81445711447251
2069; 8091; 5307;	GO:0045892	negative regulation of transcription, DNA-templated	3	498	0.602409638554217	0.43931352934985	0.472657066062488	1	1	0.999853397354565	0.999853397354564	1
8091;	GO:0045893	positive regulation of transcription, DNA-templated	1	546	0.183150183150183	0.932368951478445	0.939783416301335	1	1	0.999853397354565	0.999853397354564	1
4321; 8091; 5307; 688;	GO:0045944	positive regulation of transcription by RNA polymerase II	4	1060	0.377358490566038	0.764539539375801	0.781495053353893	1	1	0.999853397354565	0.999853397354564	1
10874;	GO:0045987	positive regulation of smooth muscle contraction	1	21	4.76190476190476	0.101428943859667	0.169717737745383	1	1	0.999853397354565	0.999853397354564	1
131578;	GO:0046426	negative regulation of JAK-STAT cascade	1	44	2.27272727272727	0.196584095084235	0.260911351329076	1	1	0.999853397354565	0.999853397354564	1
3694; 81607;	GO:0046718	viral entry into host cell	2	85	2.35294117647059	0.0667306966514714	0.14090464609731	1	1	0.999853397354565	0.999853397354564	0.959097421195853
131578;	GO:0046813	receptor-mediated virion attachment to host cell	1	5	20	0.028735746167264	0.101173772963909	1	1	0.999853397354565	0.999853397354564	0.688660788909159
2810;	GO:0046827	positive regulation of protein export from nucleus	1	20	5	0.0970478075547262	0.166790638746597	1	1	0.999853397354565	0.999853397354564	1
2069;	GO:0046854	phosphatidylinositol phosphorylation	1	103	0.970873786407767	0.397453335718827	0.434286295710011	1	1	0.999853397354565	0.999853397354564	1
768;	GO:0046903	secretion	1	7	14.2857142857143	0.0381314611403215	0.109224015808718	1	1	0.999853397354565	0.999853397354564	0.743456477811598
4486;	GO:0048012	hepatocyte growth factor receptor signaling pathway	1	12	8.33333333333333	0.0612289019715984	0.133806264222415	1	1	0.999853397354565	0.999853397354564	0.910780776291373
1001;	GO:0048023	positive regulation of melanin biosynthetic process	1	4	25	0.0240038731582409	0.0943408038079702	1	1	0.989354941167597	0.999853397354564	0.642150732086437
2069; 6277;	GO:0048146	positive regulation of fibroblast proliferation	2	50	4	0.0263570384828616	0.101173772963909	1	1	0.999853397354564	0.999853397354564	0.688660788909159
2069;	GO:0048160	primary follicle stage	1	1	100	0.00967088926059922	0.0690583219031522	1	1	0.730173612813779	0.999853397354564	0.470060145523411
6364;	GO:0048247	lymphocyte chemotaxis	1	31	3.2258064516129	0.144099148021041	0.215511115181911	1	1	0.999853397354565	0.999853397354564	1
3691; 8091;	GO:0048333	mesodermal cell differentiation	2	11	18.1818181818182	0.001752200990219	0.0286569645819688	0.835799872334463	0.888365902041033	0.411767232701465	0.835799872334463	0.195059720109483
90019;	GO:0048488	synaptic vesicle endocytosis	1	27	3.7037037037037	0.127277286716657	0.198552567277985	1	1	0.999853397354565	0.999853397354564	1
10874;	GO:0048512	circadian behavior	1	8	12.5	0.0427955184494293	0.115073227644335	1	1	0.999853397354565	0.999853397354564	0.783270381348141
10551;	GO:0048546	digestive tract morphogenesis	1	12	8.33333333333333	0.0612289019715984	0.133806264222415	1	1	0.999853397354565	0.999853397354564	0.910780776291373
3691;	GO:0048565	digestive tract development	1	38	2.63157894736842	0.172768500433013	0.236739539782535	1	1	0.999853397354565	0.999853397354564	1
5307;	GO:0048625	myoblast fate commitment	1	3	33.3333333333333	0.0192491787224047	0.0871369072523143	1	1	0.939883909183092	0.999853397354564	0.593115879081521
10551;	GO:0048639	positive regulation of developmental growth	1	5	20	0.028735746167264	0.101173772963909	1	1	0.999853397354565	0.999853397354564	0.688660788909159
2069;	GO:0048661	positive regulation of smooth muscle cell proliferation	1	53	1.88679245283019	0.231040412431932	0.294315299253742	1	1	0.999853397354565	0.999853397354564	1
11202;	GO:0048681	negative regulation of axon regeneration	1	10	10	0.0520565672824588	0.124493771755691	1	1	0.999853397354565	0.999853397354564	0.847393317061871
80326;	GO:0048730	epidermis morphogenesis	1	5	20	0.028735746167264	0.101173772963909	1	1	0.999853397354565	0.999853397354564	0.688660788909159
3918;	GO:0048731	system development	1	3	33.3333333333333	0.0192491787224047	0.0871369072523143	1	1	0.939883909183092	0.999853397354564	0.593115879081521
80326;	GO:0048733	sebaceous gland development	1	5	20	0.028735746167264	0.101173772963909	1	1	0.999853397354565	0.999853397354564	0.688660788909159
8091;	GO:0048762	mesenchymal cell differentiation	1	8	12.5	0.0427955184494293	0.115073227644335	1	1	0.999853397354565	0.999853397354564	0.783270381348141
90019;	GO:0048791	calcium ion-regulated exocytosis of neurotransmitter	1	36	2.77777777777778	0.164675692686062	0.230636950806169	1	1	0.999853397354565	0.999853397354564	1
11202;	GO:0048812	neuron projection morphogenesis	1	62	1.61290322580645	0.264033139729474	0.321391511769975	1	1	0.999853397354565	0.999853397354564	1
8091;	GO:0048863	stem cell differentiation	1	28	3.57142857142857	0.131513187863543	0.202666219595187	1	1	0.999853397354565	0.999853397354564	1
3691;	GO:0048870	cell motility	1	25	4	0.118744029737539	0.189915530211143	1	1	0.999853397354565	0.999853397354564	1
4070; 5268;	GO:0050678	regulation of epithelial cell proliferation	2	13	15.3846153846154	0.00234387734465391	0.0360104792042283	1	1	0.467527091997638	0.999853397354564	0.2451129802842
2069;	GO:0050680	negative regulation of epithelial cell proliferation	1	57	1.75438596491228	0.245880816677305	0.30856825261236	1	1	0.999853397354565	0.999853397354564	1
4321;	GO:0050691	regulation of defense response to virus by host	1	8	12.5	0.0427955184494293	0.115073227644335	1	1	0.999853397354565	0.999853397354564	0.783270381348141
6364;	GO:0050726	positive regulation of interleukin-1 alpha biosynthetic process	1	1	100	0.00967088926059922	0.0690583219031522	1	1	0.730173612813779	0.999853397354564	0.470060145523411
405753;	GO:0050727	regulation of inflammatory response	1	79	1.26582278481013	0.32257521705971	0.36834602488575	1	1	0.999853397354565	0.999853397354564	1
284340;	GO:0050728	negative regulation of inflammatory response	1	94	1.06382978723404	0.370386447259975	0.411811247282473	1	1	0.999853397354565	0.999853397354564	1
6279; 6280;	GO:0050729	positive regulation of inflammatory response	2	69	2.89855072463768	0.0465668610816083	0.119654989097036	1	1	0.999853397354565	0.999853397354564	0.81445711447251
1308;	GO:0050776	regulation of immune response	1	206	0.485436893203883	0.636091027631591	0.658159491855544	1	1	0.999853397354565	0.999853397354564	1
10874;	GO:0050806	positive regulation of synaptic transmission	1	17	5.88235294117647	0.083777116024585	0.153339342326587	1	1	0.999853397354565	0.999853397354564	1
11202;	GO:0050807	regulation of synapse organization	1	9	11.1111111111111	0.0474371850266357	0.119654989097036	1	1	0.999853397354565	0.999853397354564	0.81445711447251
11202;	GO:0050808	synapse organization	1	36	2.77777777777778	0.164675692686062	0.230636950806169	1	1	0.999853397354565	0.999853397354564	1
1755;	GO:0050829	defense response to Gram-negative bacterium	1	80	1.25	0.325871527618377	0.371273852814645	1	1	0.999853397354565	0.999853397354564	1
3853; 1755;	GO:0050830	defense response to Gram-positive bacterium	2	86	2.32558139534884	0.0680731906798705	0.14090464609731	1	1	0.999853397354565	0.999853397354564	0.959097421195853
6279; 6280;	GO:0050832	defense response to fungus	2	27	7.40740740740741	0.00867205460520437	0.0690583219031522	1	1	0.706320391342548	0.999853397354564	0.470060145523411
3914;	GO:0050873	brown fat cell differentiation	1	28	3.57142857142857	0.131513187863543	0.202666219595187	1	1	0.999853397354565	0.999853397354564	1
4312; 1048; 4680;	GO:0050900	leukocyte migration	3	206	1.45631067961165	0.0813250184793773	0.151759095906231	1	1	0.999853397354565	0.999853397354564	1
6279; 6280;	GO:0051092	positive regulation of NF-kappaB transcription factor activity	2	142	1.40845070422535	0.154470247975641	0.223123691520371	1	1	0.999853397354565	0.999853397354564	1
2069;	GO:0051151	negative regulation of smooth muscle cell differentiation	1	7	14.2857142857143	0.0381314611403215	0.109224015808718	1	1	0.999853397354565	0.999853397354564	0.743456477811598
5307;	GO:0051216	cartilage development	1	58	1.72413793103448	0.249546393809154	0.310098092306963	1	1	0.999853397354565	0.999853397354564	1
8091; 126353;	GO:0051301	cell division	2	350	0.571428571428571	0.511074348953784	0.535360939916463	1	1	0.999853397354565	0.999853397354564	1
6279; 6280;	GO:0051493	regulation of cytoskeleton organization	2	22	9.09090909090909	0.00598870339999635	0.0677523913427739	1	1	0.64079126379961	0.999853397354564	0.461171051604856
4070;	GO:0051497	negative regulation of stress fiber assembly	1	20	5	0.0970478075547262	0.166790638746597	1	1	0.999853397354565	0.999853397354564	1
3868;	GO:0051546	keratinocyte migration	1	5	20	0.028735746167264	0.101173772963909	1	1	0.999853397354565	0.999853397354564	0.688660788909159
1755;	GO:0051607	defense response to virus	1	179	0.558659217877095	0.584561376178941	0.6073209379564	1	1	0.999853397354565	0.999853397354564	1
6364;	GO:0051770	positive regulation of nitric-oxide synthase biosynthetic process	1	15	6.66666666666667	0.0748229031998671	0.147607828491567	1	1	0.999853397354565	0.999853397354564	1
2069;	GO:0051781	positive regulation of cell division	1	47	2.12765957446809	0.208236064581996	0.271402788542602	1	1	0.999853397354565	0.999853397354564	1
1001;	GO:0051796	negative regulation of timing of catagen	1	1	100	0.00967088926059922	0.0690583219031522	1	1	0.730173612813779	0.999853397354564	0.470060145523411
3872;	GO:0051798	positive regulation of hair follicle development	1	7	14.2857142857143	0.0381314611403215	0.109224015808718	1	1	0.999853397354565	0.999853397354564	0.743456477811598
3853;	GO:0051801	cytolysis in other organism involved in symbiotic interaction	1	1	100	0.00967088926059922	0.0690583219031522	1	1	0.730173612813779	0.999853397354564	0.470060145523411
2069; 4486;	GO:0051897	positive regulation of protein kinase B signaling	2	147	1.36054421768707	0.162961960553093	0.230636950806169	1	1	0.999853397354565	0.999853397354564	1
57402;	GO:0055074	calcium ion homeostasis	1	21	4.76190476190476	0.101428943859667	0.169717737745383	1	1	0.999853397354565	0.999853397354564	1
2707;	GO:0055085	transmembrane transport	1	291	0.343642611683849	0.760430848435188	0.780442186551903	1	1	0.999853397354565	0.999853397354564	1
195814; 29785;	GO:0055114	oxidation-reduction process	2	535	0.373831775700935	0.737979842853667	0.758936674090891	1	1	0.999853397354565	0.999853397354564	1
4321;	GO:0060054	positive regulation of epithelial cell proliferation involved in wound healing	1	8	12.5	0.0427955184494293	0.115073227644335	1	1	0.999853397354565	0.999853397354564	0.783270381348141
1001; 80326;	GO:0060070	canonical Wnt signaling pathway	2	88	2.27272727272727	0.0707849214772189	0.14129116216122	1	1	0.999853397354565	0.999853397354564	0.961728324934052
2919; 6364;	GO:0060326	cell chemotaxis	2	58	3.44827586206897	0.0343181089303105	0.108745507672921	1	1	0.999853397354565	0.999853397354564	0.740199410484334
4321;	GO:0060339	negative regulation of type I interferon-mediated signaling pathway	1	8	12.5	0.0427955184494293	0.115073227644335	1	1	0.999853397354565	0.999853397354564	0.783270381348141
4321;	GO:0060340	positive regulation of type I interferon-mediated signaling pathway	1	11	9.09090909090909	0.0566537711269077	0.128229740898849	1	1	0.999853397354565	0.999853397354564	0.872822985068668
10874;	GO:0060455	negative regulation of gastric acid secretion	1	5	20	0.028735746167264	0.101173772963909	1	1	0.999853397354565	0.999853397354564	0.688660788909159
10551;	GO:0060480	lung goblet cell differentiation	1	3	33.3333333333333	0.0192491787224047	0.0871369072523143	1	1	0.939883909183092	0.999853397354564	0.593115879081521
5268;	GO:0060512	prostate gland morphogenesis	1	2	50	0.014471553911037	0.0797508460097368	1	1	0.839350126840149	0.999853397354564	0.542841083418229
10551;	GO:0060548	negative regulation of cell death	1	59	1.69491525423729	0.253194330840938	0.312334612497216	1	1	0.999853397354565	0.999853397354564	1
688;	GO:0060576	intestinal epithelial cell development	1	7	14.2857142857143	0.0381314611403215	0.109224015808718	1	1	0.999853397354565	0.999853397354564	0.743456477811598
57111;	GO:0060627	regulation of vesicle-mediated transport	1	9	11.1111111111111	0.0474371850266357	0.119654989097036	1	1	0.999853397354565	0.999853397354564	0.81445711447251
4070;	GO:0060675	ureteric bud morphogenesis	1	3	33.3333333333333	0.0192491787224047	0.0871369072523143	1	1	0.939883909183092	0.999853397354564	0.593115879081521
3880;	GO:0060706	cell differentiation involved in embryonic placenta development	1	7	14.2857142857143	0.0381314611403215	0.109224015808718	1	1	0.999853397354565	0.999853397354564	0.743456477811598
55765;	GO:0060729	intestinal epithelial structure maintenance	1	4	25	0.0240038731582409	0.0943408038079702	1	1	0.989354941167597	0.999853397354564	0.642150732086437
1001;	GO:0060901	regulation of hair cycle by canonical Wnt signaling pathway	1	1	100	0.00967088926059922	0.0690583219031522	1	1	0.730173612813779	0.999853397354564	0.470060145523411
2810;	GO:0061024	membrane organization	1	131	0.763358778625954	0.474507545429751	0.502244938482012	1	1	0.999853397354565	0.999853397354564	1
768;	GO:0061418	regulation of transcription from RNA polymerase II promoter in response to hypoxia	1	74	1.35135135135135	0.305852787818102	0.355659090421508	1	1	0.999853397354565	0.999853397354564	1
3868; 2810;	GO:0061436	establishment of skin barrier	2	20	10	0.00504394515129392	0.0623726876025857	1	1	0.61000629894341	0.999853397354564	0.424552954707974
3853; 6280;	GO:0061844	antimicrobial humoral immune response mediated by antimicrobial peptide	2	49	4.08163265306122	0.0254223671508262	0.0991472318882223	1	1	0.999348425421815	0.999853397354564	0.674866706361334
2919; 2921; 6364;	GO:0070098	chemokine-mediated signaling pathway	3	71	4.22535211267606	0.00558384401525935	0.0658374166450347	1	1	0.630815913336022	0.999853397354564	0.448136369320579
10551;	GO:0070254	mucus secretion	1	4	25	0.0240038731582409	0.0943408038079702	1	1	0.989354941167597	0.999853397354564	0.642150732086437
11202; 3853; 3854; 3880; 3855; 3868; 3852; 3866; 5266; 6699; 286887; 3872; 1825; 144501; 11187;	GO:0070268	cornification	15	113	13.2743362831858	0	0	0	0	0	0	0
6364; 4486;	GO:0070374	positive regulation of ERK1 and ERK2 cascade	2	228	0.87719298245614	0.306720675826819	0.355852134197247	1	1	0.999853397354565	0.999853397354564	1
55765;	GO:0070431	nucleotide-binding oligomerization domain containing 2 signaling pathway	1	7	14.2857142857143	0.0381314611403215	0.109224015808718	1	1	0.999853397354565	0.999853397354564	0.743456477811598
6279; 6280;	GO:0070488	neutrophil aggregation	2	2	100	0.000138679476933246	0.00585920790042962	0.068923700035823	0.0703104948051555	0.0675369052664906	0.0687850205588898	0.039881943876226
79983;	GO:0070830	bicellular tight junction assembly	1	33	3.03030303030303	0.152389298002329	0.220746783106231	1	1	0.999853397354565	0.999853397354564	1
3918;	GO:0070831	basement membrane assembly	1	3	33.3333333333333	0.0192491787224047	0.0871369072523143	1	1	0.939883909183092	0.999853397354564	0.593115879081521
5653;	GO:0070997	neuron death	1	11	9.09090909090909	0.0566537711269077	0.128229740898849	1	1	0.999853397354565	0.999853397354564	0.872822985068668
8091;	GO:0071158	positive regulation of cell cycle arrest	1	26	3.84615384615385	0.123020933257398	0.194911291129691	1	1	0.999853397354565	0.999853397354564	1
6364;	GO:0071222	cellular response to lipopolysaccharide	1	130	0.769230769230769	0.471931602025051	0.500563435620713	1	1	0.999853397354565	0.999853397354564	1
6364;	GO:0071223	cellular response to lipoteichoic acid	1	10	10	0.0520565672824588	0.124493771755691	1	1	0.999853397354565	0.999853397354564	0.847393317061871
2707;	GO:0071300	cellular response to retinoic acid	1	68	1.47058823529412	0.285245695848688	0.341083886309634	1	1	0.999853397354565	0.999853397354564	1
6364;	GO:0071346	cellular response to interferon-gamma	1	89	1.12359550561798	0.354832734353553	0.399778214038336	1	1	0.999853397354565	0.999853397354564	1
6364;	GO:0071347	cellular response to interleukin-1	1	76	1.31578947368421	0.312590242434654	0.360123079094507	1	1	0.999853397354565	0.999853397354564	1
6364;	GO:0071356	cellular response to tumor necrosis factor	1	122	0.819672131147541	0.450868964502996	0.483278150112091	1	1	0.999853397354565	0.999853397354564	1
688;	GO:0071407	cellular response to organic cyclic compound	1	50	2	0.219720710746885	0.284179592726201	1	1	0.999853397354565	0.999853397354564	1
80326;	GO:0071560	cellular response to transforming growth factor beta stimulus	1	53	1.88679245283019	0.231040412431932	0.294315299253742	1	1	0.999853397354565	0.999853397354564	1
57402;	GO:0071624	positive regulation of granulocyte chemotaxis	1	2	50	0.014471553911037	0.0797508460097368	1	1	0.839350126840149	0.999853397354564	0.542841083418229
8091;	GO:0071864	positive regulation of cell proliferation in bone marrow	1	6	16.6666666666667	0.0334449061858489	0.107320047064718	1	1	0.999853397354565	0.999853397354564	0.730496709890627
2810;	GO:0071901	negative regulation of protein serine/threonine kinase activity	1	19	5.26315789473684	0.0926455249139971	0.165976258414829	1	1	0.999853397354565	0.999853397354564	1
3691;	GO:0072001	renal system development	1	14	7.14285714285714	0.0703133638315967	0.14090464609731	1	1	0.999853397354565	0.999853397354564	0.959097421195853
11187;	GO:0072659	protein localization to plasma membrane	1	127	0.78740157480315	0.464128529612763	0.496441275345297	1	1	0.999853397354565	0.999853397354564	1
6364;	GO:0072678	T cell migration	1	8	12.5	0.0427955184494293	0.115073227644335	1	1	0.999853397354565	0.999853397354564	0.783270381348141
6364;	GO:0072679	thymocyte migration	1	2	50	0.014471553911037	0.0797508460097368	1	1	0.839350126840149	0.999853397354564	0.542841083418229
2919; 2921;	GO:0090023	positive regulation of neutrophil chemotaxis	2	30	6.66666666666667	0.0104951125901793	0.0728907134687797	1	1	0.749388707887826	0.999853397354564	0.496146133242138
284340; 57402;	GO:0090026	positive regulation of monocyte chemotaxis	2	18	11.1111111111111	0.00417492476910597	0.0549685824887969	1	1	0.573781165573421	0.999853397354564	0.374155339600281
9982;	GO:0090050	positive regulation of cell migration involved in sprouting angiogenesis	1	21	4.76190476190476	0.101428943859667	0.169717737745383	1	1	0.999853397354565	0.999853397354564	1
4070;	GO:0090191	negative regulation of branching involved in ureteric bud morphogenesis	1	4	25	0.0240038731582409	0.0943408038079702	1	1	0.989354941167597	0.999853397354564	0.642150732086437
4582;	GO:0090240	positive regulation of histone H4 acetylation	1	5	20	0.028735746167264	0.101173772963909	1	1	0.999853397354565	0.999853397354564	0.688660788909159
8796;	GO:0090263	positive regulation of canonical Wnt signaling pathway	1	139	0.719424460431655	0.494672194454355	0.52032946595095	1	1	0.999853397354565	0.999853397354564	1
8091;	GO:0090402	oncogene-induced cell senescence	1	2	50	0.014471553911037	0.0797508460097368	1	1	0.839350126840149	0.999853397354564	0.542841083418229
10874;	GO:0097009	energy homeostasis	1	33	3.03030303030303	0.152389298002329	0.220746783106231	1	1	0.999853397354565	0.999853397354564	1
3691;	GO:0097186	amelogenesis	1	10	10	0.0520565672824588	0.124493771755691	1	1	0.999853397354565	0.999853397354564	0.847393317061871
4321;	GO:0098586	cellular response to virus	1	21	4.76190476190476	0.101428943859667	0.169717737745383	1	1	0.999853397354565	0.999853397354564	1
4070; 23650; 11187;	GO:0098609	cell-cell adhesion	3	103	2.9126213592233	0.0148715601986066	0.081073989469823	1	1	0.847678931320575	0.999853397354564	0.551847340597034
6280;	GO:0098869	cellular oxidant detoxification	1	72	1.38888888888889	0.299049964679206	0.350157810836853	1	1	0.999853397354565	0.999853397354564	1
688;	GO:0099156	cell-cell signaling via exosome	1	1	100	0.00967088926059922	0.0690583219031522	1	1	0.730173612813779	0.999853397354564	0.470060145523411
10874;	GO:0120061	negative regulation of gastric emptying	1	1	100	0.00967088926059922	0.0690583219031522	1	1	0.730173612813779	0.999853397354564	0.470060145523411
10874;	GO:0120069	positive regulation of stomach fundus smooth muscle contraction	1	1	100	0.00967088926059922	0.0690583219031522	1	1	0.730173612813779	0.999853397354564	0.470060145523411
653145;	GO:1900004	negative regulation of serine-type endopeptidase activity	1	11	9.09090909090909	0.0566537711269077	0.128229740898849	1	1	0.999853397354565	0.999853397354564	0.872822985068668
4070;	GO:1900025	negative regulation of substrate adhesion-dependent cell spreading	1	13	7.69230769230769	0.065782064732448	0.139546053637452	1	1	0.999853397354565	0.999853397354564	0.949849872865857
4070;	GO:1900028	negative regulation of ruffle assembly	1	5	20	0.028735746167264	0.101173772963909	1	1	0.999853397354565	0.999853397354564	0.688660788909159
653145;	GO:1900138	negative regulation of phospholipase A2 activity	1	3	33.3333333333333	0.0192491787224047	0.0871369072523143	1	1	0.939883909183092	0.999853397354564	0.593115879081521
23650;	GO:1900181	negative regulation of protein localization to nucleus	1	13	7.69230769230769	0.065782064732448	0.139546053637452	1	1	0.999853397354565	0.999853397354564	0.949849872865857
2810;	GO:1900740	positive regulation of protein insertion into mitochondrial membrane involved in apoptotic signaling pathway	1	30	3.33333333333333	0.139924021913819	0.211135354494959	1	1	0.999853397354565	0.999853397354564	1
2069;	GO:1901185	negative regulation of ERBB signaling pathway	1	14	7.14285714285714	0.0703133638315967	0.14090464609731	1	1	0.999853397354565	0.999853397354564	0.959097421195853
688;	GO:1901653	cellular response to peptide	1	11	9.09090909090909	0.0566537711269077	0.128229740898849	1	1	0.999853397354565	0.999853397354564	0.872822985068668
124975;	GO:1901750	leukotriene D4 biosynthetic process	1	10	10	0.0520565672824588	0.124493771755691	1	1	0.999853397354565	0.999853397354564	0.847393317061871
4582;	GO:1902166	negative regulation of intrinsic apoptotic signaling pathway in response to DNA damage by p53 class mediator	1	13	7.69230769230769	0.065782064732448	0.139546053637452	1	1	0.999853397354565	0.999853397354564	0.949849872865857
11187;	GO:1902373	negative regulation of mRNA catabolic process	1	3	33.3333333333333	0.0192491787224047	0.0871369072523143	1	1	0.939883909183092	0.999853397354564	0.593115879081521
9022; 5349;	GO:1902476	chloride transmembrane transport	2	87	2.29885057471264	0.0694246377185286	0.14090464609731	1	1	0.999853397354565	0.999853397354564	0.959097421195853
10874;	GO:1902722	positive regulation of prolactin secretion	1	3	33.3333333333333	0.0192491787224047	0.0871369072523143	1	1	0.939883909183092	0.999853397354564	0.593115879081521
4321;	GO:1902741	positive regulation of interferon-alpha secretion	1	7	14.2857142857143	0.0381314611403215	0.109224015808718	1	1	0.999853397354565	0.999853397354564	0.743456477811598
688;	GO:1902895	positive regulation of pri-miRNA transcription by RNA polymerase II	1	24	4.16666666666667	0.114446477946567	0.185381355651468	1	1	0.999853397354565	0.999853397354564	1
1001;	GO:1902910	positive regulation of melanosome transport	1	1	100	0.00967088926059922	0.0690583219031522	1	1	0.730173612813779	0.999853397354564	0.470060145523411
131578;	GO:1903077	negative regulation of protein localization to plasma membrane	1	18	5.55555555555556	0.0882219949067566	0.15861188446002	1	1	0.999853397354565	0.999853397354564	1
10551;	GO:1903078	positive regulation of protein localization to plasma membrane	1	48	2.08333333333333	0.212082753283378	0.275707579268391	1	1	0.999853397354565	0.999853397354564	1
55765;	GO:1903409	reactive oxygen species biosynthetic process	1	2	50	0.014471553911037	0.0797508460097368	1	1	0.839350126840149	0.999853397354564	0.542841083418229
9982;	GO:1903589	positive regulation of blood vessel endothelial cell proliferation involved in sprouting angiogenesis	1	9	11.1111111111111	0.0474371850266357	0.119654989097036	1	1	0.999853397354565	0.999853397354564	0.81445711447251
5349;	GO:1903779	regulation of cardiac conduction	1	56	1.78571428571429	0.242197515010149	0.304700099528897	1	1	0.999853397354565	0.999853397354564	1
10551;	GO:1903896	positive regulation of IRE1-mediated unfolded protein response	1	7	14.2857142857143	0.0381314611403215	0.109224015808718	1	1	0.999853397354565	0.999853397354564	0.743456477811598
10551;	GO:1903899	positive regulation of PERK-mediated unfolded protein response	1	4	25	0.0240038731582409	0.0943408038079702	1	1	0.989354941167597	0.999853397354564	0.642150732086437
10874;	GO:1903999	negative regulation of eating behavior	1	2	50	0.014471553911037	0.0797508460097368	1	1	0.839350126840149	0.999853397354564	0.542841083418229
10874;	GO:1904058	positive regulation of sensory perception of pain	1	5	20	0.028735746167264	0.101173772963909	1	1	0.999853397354565	0.999853397354564	0.688660788909159
688;	GO:1990830	cellular response to leukemia inhibitory factor	1	91	1.0989010989011	0.361099347045361	0.403254116634357	1	1	0.999853397354565	0.999853397354564	1
8091;	GO:2000036	regulation of stem cell population maintenance	1	11	9.09090909090909	0.0566537711269077	0.128229740898849	1	1	0.999853397354565	0.999853397354564	0.872822985068668
1474;	GO:2000117	negative regulation of cysteine-type endopeptidase activity	1	18	5.55555555555556	0.0882219949067566	0.15861188446002	1	1	0.999853397354565	0.999853397354564	1
2069;	GO:2000145	regulation of cell motility	1	29	3.44827586206897	0.135728733985959	0.206650054447091	1	1	0.999853397354565	0.999853397354564	1
4070;	GO:2000146	negative regulation of cell motility	1	12	8.33333333333333	0.0612289019715984	0.133806264222415	1	1	0.999853397354565	0.999853397354564	0.910780776291373
6364;	GO:2000406	positive regulation of T cell migration	1	14	7.14285714285714	0.0703133638315967	0.14090464609731	1	1	0.999853397354565	0.999853397354564	0.959097421195853
3853;	GO:2000536	negative regulation of entry of bacterium into host cell	1	2	50	0.014471553911037	0.0797508460097368	1	1	0.839350126840149	0.999853397354564	0.542841083418229
405753;	GO:2000609	regulation of thyroid hormone generation	1	2	50	0.014471553911037	0.0797508460097368	1	1	0.839350126840149	0.999853397354564	0.542841083418229
8091;	GO:2000648	positive regulation of stem cell proliferation	1	9	11.1111111111111	0.0474371850266357	0.119654989097036	1	1	0.999853397354565	0.999853397354564	0.81445711447251
5349;	GO:2000649	regulation of sodium ion transmembrane transporter activity	1	20	5	0.0970478075547262	0.166790638746597	1	1	0.999853397354565	0.999853397354564	1
8091;	GO:2000679	positive regulation of transcription regulatory region DNA binding	1	16	6.25	0.0793107862791833	0.148928032013133	1	1	0.999853397354565	0.999853397354564	1
8091;	GO:2000685	positive regulation of cellular response to X-ray	1	1	100	0.00967088926059922	0.0690583219031522	1	1	0.730173612813779	0.999853397354564	0.470060145523411
4070;	GO:2000738	positive regulation of stem cell differentiation	1	6	16.6666666666667	0.0334449061858489	0.107320047064718	1	1	0.999853397354565	0.999853397354564	0.730496709890627
8091;	GO:2000773	negative regulation of cellular senescence	1	16	6.25	0.0793107862791833	0.148928032013133	1	1	0.999853397354565	0.999853397354564	1
8091;	GO:2000774	positive regulation of cellular senescence	1	10	10	0.0520565672824588	0.124493771755691	1	1	0.999853397354565	0.999853397354564	0.847393317061871
1048;	GO:2000811	negative regulation of anoikis	1	16	6.25	0.0793107862791833	0.148928032013133	1	1	0.999853397354565	0.999853397354564	1
10874;	GO:2000821	regulation of grooming behavior	1	5	20	0.028735746167264	0.101173772963909	1	1	0.999853397354565	0.999853397354564	0.688660788909159
8091;	GO:2001022	positive regulation of response to DNA damage stimulus	1	11	9.09090909090909	0.0566537711269077	0.128229740898849	1	1	0.999853397354565	0.999853397354564	0.872822985068668
8091;	GO:2001033	negative regulation of double-strand break repair via nonhomologous end joining	1	6	16.6666666666667	0.0334449061858489	0.107320047064718	1	1	0.999853397354565	0.999853397354564	0.730496709890627
8091;	GO:2001038	regulation of cellular response to drug	1	2	50	0.014471553911037	0.0797508460097368	1	1	0.839350126840149	0.999853397354564	0.542841083418229
6279; 6280;	GO:2001244	positive regulation of intrinsic apoptotic signaling pathway	2	30	6.66666666666667	0.0104951125901793	0.0728907134687797	1	1	0.749388707887826	0.999853397354564	0.496146133242138
