,0
TCGA-CH-5761-11A-01R-1580-07,-0.08479839
TCGA-CH-5767-11B-01R-1789-07,-0.05484062
TCGA-CH-5768-11A-01R-1580-07,-0.09671689
TCGA-CH-5769-11A-01R-1580-07,-0.08760711
TCGA-EJ-7115-11A-01R-2118-07,-0.07466246
TCGA-EJ-7123-11A-01R-1965-07,-0.081299946
TCGA-EJ-7125-11A-01R-1965-07,-0.07849152
TCGA-EJ-7314-11A-01R-2118-07,-0.07372586
TCGA-EJ-7315-11A-01R-2118-07,-0.042399913
TCGA-EJ-7317-11A-01R-2118-07,-0.09920455
TCGA-EJ-7321-11A-01R-2263-07,-0.0597859
TCGA-EJ-7327-11A-01R-2118-07,-0.11835804
TCGA-EJ-7328-11A-01R-2118-07,-0.06287929
TCGA-EJ-7330-11A-01R-2118-07,-0.046444844
TCGA-EJ-7331-11A-01R-2118-07,-0.06652951
TCGA-EJ-7781-11A-01R-2118-07,-0.052159537
TCGA-EJ-7782-11A-01R-2118-07,-0.04385068
TCGA-EJ-7783-11A-01R-2118-07,-0.07562062
TCGA-EJ-7784-11A-01R-2118-07,-0.058930334
TCGA-EJ-7785-11A-01R-2118-07,-0.05886541
TCGA-EJ-7786-11A-01R-2118-07,-0.059375327
TCGA-EJ-7789-11A-01R-2118-07,-0.061941773
TCGA-EJ-7792-11A-01R-2118-07,-0.055864688
TCGA-EJ-7793-11A-01R-2263-07,-0.07222017
TCGA-EJ-7794-11A-01R-2118-07,-0.03913738
TCGA-EJ-7797-11A-01R-2263-07,-0.067016445
TCGA-EJ-A8FO-11A-11R-A36G-07,-0.050991103
TCGA-G9-6333-11A-01R-1965-07,-0.069939345
TCGA-G9-6342-11A-02R-1965-07,-0.09124377
TCGA-G9-6348-11A-01R-1789-07,-0.075883
TCGA-G9-6351-11A-01R-1965-07,-0.09942784
TCGA-G9-6356-11A-01R-1789-07,-0.08387742
TCGA-G9-6362-11A-01R-1789-07,-0.113069214
TCGA-G9-6363-11A-01R-1789-07,-0.080508836
TCGA-G9-6365-11A-01R-1789-07,-0.068140544
TCGA-G9-6384-11A-01R-1858-07,-0.09926395
TCGA-G9-6496-11A-01R-1789-07,-0.069293365
TCGA-G9-6499-11A-02R-1965-07,-0.09340485
TCGA-HC-7211-11A-01R-2118-07,-0.10881242
TCGA-HC-7737-11A-02R-2118-07,-0.08397155
TCGA-HC-7738-11A-01R-2118-07,-0.08844974
TCGA-HC-7740-11A-01R-2118-07,-0.07203067
TCGA-HC-7742-11A-01R-2118-07,-0.09086084
TCGA-HC-7745-11A-01R-2118-07,-0.08541633
TCGA-HC-7747-11A-01R-2118-07,-0.10773707
TCGA-HC-7752-11A-01R-2118-07,-0.061963506
TCGA-HC-7819-11A-01R-2118-07,-0.09271918
TCGA-HC-8258-11A-01R-2263-07,-0.10467859
TCGA-HC-8259-11A-01R-2263-07,-0.08240728
TCGA-HC-8260-11A-01R-2263-07,-0.089429244
TCGA-HC-8262-11A-01R-2263-07,-0.06514118
TCGA-J4-A83J-11A-11R-A36G-07,-0.032243863
TCGA-FU-A3EO-11A-13R-A213-07,-0.12549295
TCGA-HM-A3JJ-11A-12R-A21T-07,-0.124209255
TCGA-MY-A5BF-11A-11R-A26T-07,-0.07783222
TCGA-H6-8124-11A-01R-2404-07,-0.03384881
TCGA-H6-A45N-11A-12R-A26U-07,-0.061144643
TCGA-HV-A5A3-11A-11R-A26U-07,-0.0457726
TCGA-YB-A89D-11A-11R-A36G-07,-0.025909496
TCGA-A7-A0CE-11A-21R-A089-07,-0.038471837
TCGA-A7-A0CH-11A-32R-A089-07,-0.048820894
TCGA-A7-A0D9-11A-53R-A089-07,-0.11840603
TCGA-A7-A0DB-11A-33R-A089-07,-0.11415463
TCGA-A7-A13E-11A-61R-A12P-07,-0.08074607
TCGA-A7-A13F-11A-42R-A12P-07,-0.069397904
TCGA-A7-A13G-11A-51R-A13Q-07,-0.14199737
TCGA-AC-A23H-11A-12R-A157-07,-0.06909537
TCGA-AC-A2FB-11A-13R-A17B-07,-0.057242345
TCGA-AC-A2FF-11A-13R-A17B-07,-0.038163066
TCGA-AC-A2FM-11B-32R-A19W-07,-0.052249264
TCGA-BH-A0AU-11A-11R-A12P-07,-0.056777947
TCGA-BH-A0AY-11A-23R-A089-07,-0.0643326
TCGA-BH-A0AZ-11A-22R-A12P-07,-0.049438424
TCGA-BH-A0B3-11B-21R-A089-07,-0.0511011
TCGA-BH-A0B5-11A-23R-A12P-07,-0.16097882
TCGA-BH-A0B7-11A-34R-A115-07,-0.064179026
TCGA-BH-A0B8-11A-41R-A089-07,-0.12168257
TCGA-BH-A0BA-11A-22R-A19E-07,-0.048751876
TCGA-BH-A0BC-11A-22R-A089-07,-0.059840668
TCGA-BH-A0BJ-11A-23R-A089-07,-0.05935233
TCGA-BH-A0BM-11A-12R-A089-07,-0.073012404
TCGA-BH-A0BQ-11A-33R-A115-07,-0.059119284
TCGA-BH-A0BS-11A-11R-A12P-07,-0.06432173
TCGA-BH-A0BT-11A-21R-A12P-07,-0.070331335
TCGA-BH-A0BV-11A-31R-A089-07,-0.053842008
TCGA-BH-A0BW-11A-12R-A115-07,-0.03191728
TCGA-BH-A0BZ-11A-61R-A12P-07,-0.07096276
TCGA-BH-A0C0-11A-21R-A089-07,-0.05706431
TCGA-BH-A0C3-11A-23R-A12P-07,-0.053314053
TCGA-BH-A0DD-11A-23R-A12P-07,-0.121037394
TCGA-BH-A0DG-11A-43R-A12P-07,-0.06478203
TCGA-BH-A0DH-11A-31R-A089-07,-0.056422964
TCGA-BH-A0DK-11A-13R-A089-07,-0.06706041
TCGA-BH-A0DL-11A-13R-A115-07,-0.044280294
TCGA-BH-A0DO-11A-22R-A12D-07,-0.056749728
TCGA-BH-A0DP-11A-12R-A089-07,-0.06898832
TCGA-BH-A0DQ-11A-12R-A089-07,-0.05416109
TCGA-BH-A0DT-11A-12R-A12D-07,-0.06364688
TCGA-BH-A0DV-11A-22R-A12P-07,-0.071352676
TCGA-BH-A0DZ-11A-22R-A089-07,-0.057460833
TCGA-BH-A0E0-11A-13R-A089-07,-0.07758284
TCGA-BH-A0E1-11A-13R-A089-07,-0.07995642
TCGA-BH-A0H5-11A-62R-A115-07,-0.046535715
TCGA-BH-A0H7-11A-13R-A089-07,-0.05777836
TCGA-BH-A0H9-11A-22R-A466-07,-0.14455141
TCGA-BH-A0HA-11A-31R-A12P-07,-0.07096389
TCGA-BH-A0HK-11A-11R-A089-07,-0.07170272
TCGA-BH-A18J-11A-31R-A12D-07,-0.06778693
TCGA-BH-A18K-11A-13R-A12D-07,-0.064495035
TCGA-BH-A18L-11A-42R-A12D-07,-0.06307717
TCGA-BH-A18M-11A-33R-A12D-07,-0.05310253
TCGA-BH-A18N-11A-43R-A12D-07,-0.05660995
TCGA-BH-A18P-11A-43R-A12D-07,-0.091343425
TCGA-BH-A18Q-11A-34R-A12D-07,-0.049741663
TCGA-BH-A18R-11A-42R-A12D-07,-0.064431086
TCGA-BH-A18S-11A-43R-A12D-07,-0.059553992
TCGA-BH-A18U-11A-23R-A12D-07,-0.05086509
TCGA-BH-A18V-11A-52R-A12D-07,-0.060223132
TCGA-BH-A1EN-11A-23R-A13Q-07,-0.0699267
TCGA-BH-A1EO-11A-31R-A137-07,-0.122218914
TCGA-BH-A1ET-11B-23R-A137-07,-0.06561795
TCGA-BH-A1EU-11A-23R-A137-07,-0.07227476
TCGA-BH-A1EV-11A-24R-A137-07,-0.05673281
TCGA-BH-A1EW-11B-33R-A137-07,-0.06494796
TCGA-BH-A1F0-11B-23R-A137-07,-0.06672326
TCGA-BH-A1F2-11A-32R-A13Q-07,-0.06770691
TCGA-BH-A1F6-11B-94R-A13Q-07,-0.065854765
TCGA-BH-A1F8-11B-21R-A13Q-07,-0.061873913
TCGA-BH-A1FB-11A-33R-A13Q-07,-0.0522261
TCGA-BH-A1FC-11A-32R-A13Q-07,-0.058499675
TCGA-BH-A1FD-11B-21R-A13Q-07,-0.0850017
TCGA-BH-A1FE-11B-14R-A13Q-07,-0.079107374
TCGA-BH-A1FG-11B-12R-A13Q-07,-0.11477684
TCGA-BH-A1FH-11B-42R-A13Q-07,-0.06252138
TCGA-BH-A1FJ-11B-42R-A13Q-07,-0.08445662
TCGA-BH-A1FM-11B-23R-A13Q-07,-0.06459882
TCGA-BH-A1FN-11A-34R-A13Q-07,-0.06676561
TCGA-BH-A1FR-11B-42R-A13Q-07,-0.039743766
TCGA-BH-A1FU-11A-23R-A14D-07,-0.050113216
TCGA-BH-A203-11A-42R-A169-07,-0.07065673
TCGA-BH-A204-11A-53R-A157-07,-0.09957965
TCGA-BH-A208-11A-51R-A157-07,-0.06295108
TCGA-BH-A209-11A-42R-A157-07,-0.06255909
TCGA-E2-A153-11A-31R-A12D-07,-0.044580523
TCGA-E2-A158-11A-22R-A12D-07,-0.074705474
TCGA-E2-A15I-11A-32R-A137-07,-0.1121778
TCGA-E2-A15K-11A-13R-A12P-07,-0.054073982
TCGA-E2-A15M-11A-22R-A12D-07,-0.075366296
TCGA-E2-A1BC-11A-32R-A12P-07,-0.14459497
TCGA-E2-A1IG-11A-22R-A144-07,-0.073078126
TCGA-E2-A1L7-11A-33R-A144-07,-0.043513812
TCGA-E2-A1LB-11A-22R-A144-07,-0.06758697
TCGA-E2-A1LH-11A-22R-A14D-07,-0.062207587
TCGA-E2-A1LS-11A-32R-A157-07,-0.14063297
TCGA-E9-A1N4-11A-33R-A14M-07,-0.064583056
TCGA-E9-A1N5-11A-41R-A14D-07,-0.06274026
TCGA-E9-A1N6-11A-32R-A144-07,-0.056874976
TCGA-E9-A1N9-11A-71R-A14D-07,-0.06225307
TCGA-E9-A1NA-11A-33R-A144-07,-0.064187475
TCGA-E9-A1ND-11A-43R-A144-07,-0.0498913
TCGA-E9-A1NF-11A-73R-A14D-07,-0.12354553
TCGA-E9-A1NG-11A-52R-A14M-07,-0.090395756
TCGA-E9-A1R7-11A-42R-A14M-07,-0.09348967
TCGA-E9-A1RB-11A-33R-A157-07,-0.061318275
TCGA-E9-A1RC-11A-33R-A157-07,-0.12894294
TCGA-E9-A1RD-11A-33R-A157-07,-0.08557937
TCGA-E9-A1RF-11A-32R-A157-07,-0.15214254
TCGA-E9-A1RH-11A-34R-A169-07,-0.09929382
TCGA-E9-A1RI-11A-41R-A169-07,-0.14060463
TCGA-GI-A2C8-11A-22R-A16F-07,-0.16767853
TCGA-GI-A2C9-11A-22R-A21T-07,-0.050337728
TCGA-22-4593-11A-01R-1820-07,-0.07574132
TCGA-22-4609-11A-01R-2125-07,-0.06813787
TCGA-22-5471-11A-01R-1635-07,-0.06569276
TCGA-22-5472-11A-11R-1635-07,-0.04716463
TCGA-22-5478-11A-11R-1635-07,-0.0807869
TCGA-22-5481-11A-01R-1949-07,-0.047432553
TCGA-22-5482-11A-01R-1635-07,-0.046278697
TCGA-22-5483-11A-11R-1820-07,-0.0792379
TCGA-22-5489-11A-01R-1635-07,-0.047445107
TCGA-22-5491-11A-01R-1858-07,-0.07448296
TCGA-33-4587-11A-01R-2125-07,-0.04091109
TCGA-33-6737-11A-01R-1820-07,-0.053636547
TCGA-34-7107-11A-01R-1949-07,-0.049859114
TCGA-34-8454-11A-01R-2326-07,-0.044933077
TCGA-39-5040-11A-01R-2125-07,-0.05846498
TCGA-43-3394-11A-01R-1758-07,-0.04542917
TCGA-43-5670-11A-01R-2125-07,-0.024489012
TCGA-43-6143-11A-01R-1820-07,-0.046945956
TCGA-43-6647-11A-01R-1820-07,-0.065887876
TCGA-43-6771-11A-01R-1820-07,-0.07753781
TCGA-43-6773-11A-01R-1949-07,-0.037700266
TCGA-43-7657-11A-01R-2125-07,-0.03512099
TCGA-43-7658-11A-01R-2125-07,-0.049169317
TCGA-51-4079-11A-01R-1758-07,-0.05538209
TCGA-51-4080-11A-01R-1758-07,-0.042851027
TCGA-51-4081-11A-01R-1758-07,-0.029008616
TCGA-56-7222-11A-01R-2045-07,-0.1065689
TCGA-56-7579-11A-01R-2045-07,-0.044703625
TCGA-56-7580-11A-01R-2045-07,-0.052268054
TCGA-56-7582-11A-01R-2045-07,-0.04612732
TCGA-56-7730-11A-01R-2125-07,-0.044674452
TCGA-56-7731-11A-01R-2125-07,-0.07521248
TCGA-56-7823-11A-01R-2247-07,-0.048845407
TCGA-56-8082-11A-01R-2247-07,-0.061237242
TCGA-56-8083-11A-01R-2247-07,-0.07655746
TCGA-56-8201-11A-01R-2247-07,-0.061979014
TCGA-56-8309-11A-01R-2296-07,-0.033818405
TCGA-56-8623-11A-01R-A28V-07,-0.027146744
TCGA-58-8386-11A-01R-2296-07,-0.026808001
TCGA-60-2709-11A-01R-1820-07,-0.06798329
TCGA-77-7138-11A-01R-2045-07,-0.06499335
TCGA-77-7142-11A-01R-2045-07,-0.07571251
TCGA-77-7335-11A-01R-2045-07,-0.08617416
TCGA-77-7337-11A-01R-2045-07,-0.079088405
TCGA-77-7338-11A-01R-2045-07,-0.085028686
TCGA-77-8007-11A-01R-2187-07,-0.040238924
TCGA-77-8008-11A-01R-2187-07,-0.049814906
TCGA-85-7710-11A-01R-2125-07,-0.029452072
TCGA-90-6837-11A-01R-1949-07,-0.07794071
TCGA-90-7767-11A-01R-2125-07,-0.046839796
TCGA-92-7340-11A-01R-2045-07,-0.06802553
TCGA-38-4625-11A-01R-1758-07,-0.062552966
TCGA-38-4626-11A-01R-1758-07,-0.05694815
TCGA-38-4627-11A-01R-1758-07,-0.070053235
TCGA-38-4632-11A-01R-1755-07,-0.08346148
TCGA-44-2655-11A-01R-1758-07,-0.0575485
TCGA-44-2657-11A-01R-1758-07,-0.041323498
TCGA-44-2661-11A-01R-1758-07,-0.058824897
TCGA-44-2662-11A-01R-1758-07,-0.070043564
TCGA-44-2665-11A-01R-1758-07,-0.07143791
TCGA-44-2668-11A-01R-1758-07,-0.08298553
TCGA-44-3396-11A-01R-1758-07,-0.043622866
TCGA-44-3398-11B-01R-1758-07,-0.03381918
TCGA-44-5645-11A-01R-1628-07,-0.058533423
TCGA-44-6144-11A-01R-1755-07,-0.082609355
TCGA-44-6145-11A-01R-1858-07,-0.06417082
TCGA-44-6146-11A-01R-1858-07,-0.079955876
TCGA-44-6147-11A-01R-1858-07,-0.06815142
TCGA-44-6148-11A-01R-1858-07,-0.030356025
TCGA-44-6776-11A-01R-1858-07,-0.06894912
TCGA-44-6777-11A-01R-1858-07,-0.061614167
TCGA-44-6778-11A-01R-1858-07,-0.05655496
TCGA-49-4490-11A-01R-1858-07,-0.06846965
TCGA-49-4512-11A-01R-1858-07,-0.068801135
TCGA-49-6742-11A-01R-1858-07,-0.05215737
TCGA-49-6743-11A-01R-1858-07,-0.0838849
TCGA-49-6744-11A-01R-1858-07,-0.0786395
TCGA-49-6745-11A-01R-1858-07,-0.056241874
TCGA-49-6761-11A-01R-1949-07,-0.08591157
TCGA-50-5930-11A-01R-1755-07,-0.10194597
TCGA-50-5931-11A-01R-1858-07,-0.09230635
TCGA-50-5932-11A-01R-1755-07,-0.076915056
TCGA-50-5933-11A-01R-1755-07,-0.06812901
TCGA-50-5935-11A-01R-1858-07,-0.053059947
TCGA-50-5936-11A-01R-1628-07,-0.08249274
TCGA-50-5939-11A-01R-1628-07,-0.080761485
TCGA-50-6595-11A-01R-1858-07,-0.059290793
TCGA-55-6968-11A-01R-1949-07,-0.05731379
TCGA-55-6969-11A-01R-1949-07,-0.05782313
TCGA-55-6970-11A-01R-1949-07,-0.06033397
TCGA-55-6971-11A-01R-1949-07,-0.06954888
TCGA-55-6972-11A-01R-1949-07,-0.061315056
TCGA-55-6975-11A-01R-1949-07,-0.073536694
TCGA-55-6978-11A-01R-1949-07,-0.049049083
TCGA-55-6979-11A-01R-1949-07,-0.07193511
TCGA-55-6980-11A-01R-1949-07,-0.055598926
TCGA-55-6981-11A-01R-1949-07,-0.043495655
TCGA-55-6982-11A-01R-1949-07,-0.044603292
TCGA-55-6983-11A-01R-1949-07,-0.06483188
TCGA-55-6984-11A-01R-1949-07,-0.06366361
TCGA-55-6985-11A-01R-1949-07,-0.03396011
TCGA-55-6986-11A-01R-1949-07,-0.03497438
TCGA-73-4676-11A-01R-1755-07,-0.08383227
TCGA-91-6828-11A-01R-1858-07,-0.061572544
TCGA-91-6829-11A-01R-1858-07,-0.057653103
TCGA-91-6831-11A-02R-1858-07,-0.094234854
TCGA-91-6835-11A-01R-1858-07,-0.028963538
TCGA-91-6836-11A-01R-1858-07,-0.07107719
TCGA-91-6847-11A-01R-1949-07,-0.070356324
TCGA-91-6849-11A-01R-1949-07,-0.051911827
TCGA-BR-6453-11A-01R-1802-13,-0.019362405
TCGA-BR-6454-11A-01R-1802-13,-0.03270407
TCGA-BR-6457-11A-01R-1802-13,-0.043484956
TCGA-BR-6458-11A-01R-1802-13,-0.062193256
TCGA-BR-6564-11A-01R-1884-13,-0.014600436
TCGA-BR-6802-11A-01R-1884-13,-0.068320505
TCGA-BR-6852-11A-01R-1884-13,-0.06485784
TCGA-BR-7704-11A-01R-2055-13,-0.016143532
TCGA-BR-7715-11A-01R-2055-13,-0.01867509
TCGA-BR-7716-11A-01R-2055-13,-0.04216535
TCGA-BR-7717-11A-01R-2055-13,-0.020827595
TCGA-BR-7851-11A-01R-2203-13,-0.053667843
TCGA-CG-5720-11A-01R-1602-13,-0.031128217
TCGA-CG-5721-11A-01R-1602-13,-0.07287255
TCGA-CG-5722-11A-02R-1602-13,-0.038685586
TCGA-CG-5728-11A-01R-1602-13,-0.046630677
TCGA-CG-5730-11A-01R-1602-13,-0.059507526
TCGA-CG-5733-11A-01R-1602-13,-0.044383116
TCGA-CG-5734-11A-01R-1602-13,-0.055927873
TCGA-FP-7735-11A-01R-2055-13,-0.10866121
TCGA-FP-7829-11A-01R-2055-13,-0.089640394
TCGA-HU-8238-11A-01R-2343-13,-0.08743773
TCGA-HU-A4G3-11A-11R-A24K-31,-0.12271978
TCGA-HU-A4GC-11A-11R-A251-31,-0.105683774
TCGA-HU-A4GH-11A-11R-A36D-31,-0.05278405
TCGA-HU-A4GN-11A-12R-A251-31,-0.06102763
TCGA-HU-A4GP-11A-21R-A251-31,-0.09506764
TCGA-HU-A4GY-11A-11R-A36D-31,-0.080670945
TCGA-HU-A4HB-11A-11R-A251-31,-0.10394526
TCGA-IN-7806-11A-01R-2055-13,-0.12075286
TCGA-IN-8462-11A-01R-2343-13,-0.10664548
TCGA-IN-8663-11A-01R-2402-13,-0.14412844
TCGA-IN-AB1V-11A-11R-A414-31,-0.08982041
TCGA-IN-AB1X-11A-21R-A39E-31,-0.08473454
TCGA-IP-7968-11A-01R-2203-13,-0.06780586
TCGA-P8-A5KC-11A-11R-A35K-07,-0.12465928
TCGA-P8-A5KD-11A-11R-A35K-07,-0.14104256
TCGA-SQ-A6I4-11A-11R-A35L-07,-0.13647634
TCGA-CV-6933-11A-01R-1915-07,-0.08856664
TCGA-CV-6934-11A-01R-1915-07,-0.061216235
TCGA-CV-6935-11A-01R-1915-07,-0.10495338
TCGA-CV-6936-11A-01R-1915-07,-0.08043797
TCGA-CV-6938-11A-01R-1915-07,-0.04571122
TCGA-CV-6939-11A-01R-1915-07,-0.07994119
TCGA-CV-6943-11A-01R-1915-07,-0.109491
TCGA-CV-6955-11A-01R-2016-07,-0.036834404
TCGA-CV-6956-11A-01R-2016-07,-0.11051372
TCGA-CV-6959-11A-01R-1915-07,-0.07496535
TCGA-CV-6960-11A-01R-2016-07,-0.13422328
TCGA-CV-6961-11A-01R-1915-07,-0.1290698
TCGA-CV-6962-11A-01R-1915-07,-0.093962155
TCGA-CV-7091-11A-01R-2016-07,-0.09716023
TCGA-CV-7097-11A-01R-2016-07,-0.027088579
TCGA-CV-7101-11A-01R-2016-07,-0.111205526
TCGA-CV-7103-11A-01R-2016-07,-0.07101991
TCGA-CV-7177-11A-01R-2016-07,-0.10527045
TCGA-CV-7178-11A-01R-2016-07,-0.0500877
TCGA-CV-7183-11A-01R-2016-07,-0.14918004
TCGA-CV-7235-11A-01R-2016-07,-0.058082134
TCGA-CV-7238-11A-01R-2016-07,-0.05443368
TCGA-CV-7242-11A-01R-2016-07,-0.10719652
TCGA-CV-7245-11A-01R-2016-07,-0.065173894
TCGA-CV-7250-11A-01R-2016-07,-0.08310347
TCGA-CV-7252-11A-01R-2016-07,-0.09127786
TCGA-CV-7255-11A-01R-2016-07,-0.080323346
TCGA-CV-7261-11A-01R-2016-07,-0.11691113
TCGA-CV-7406-11A-01R-2081-07,-0.07766975
TCGA-CV-7416-11A-01R-2081-07,-0.1349986
TCGA-CV-7423-11A-01R-2081-07,-0.11029008
TCGA-CV-7424-11A-01R-2081-07,-0.07902831
TCGA-CV-7425-11A-01R-2081-07,-0.113295555
TCGA-CV-7432-11A-01R-2132-07,-0.088319264
TCGA-CV-7434-11A-01R-2132-07,-0.052142546
TCGA-CV-7437-11A-01R-2132-07,-0.10326259
TCGA-CV-7438-11A-01R-2132-07,-0.09460037
TCGA-CV-7440-11A-01R-2187-07,-0.09505876
TCGA-H7-A6C4-11A-21R-A466-07,-0.07103191
TCGA-H7-A6C5-11A-11R-A30B-07,-0.054459456
TCGA-HD-8635-11A-01R-2403-07,-0.096285366
TCGA-HD-A6HZ-11A-11R-A31N-07,-0.07260608
TCGA-HD-A6I0-11A-11R-A31N-07,-0.076552086
TCGA-WA-A7GZ-11A-11R-A34R-07,-0.07617976
TCGA-KL-8324-11A-01R-2315-07,-0.039990917
TCGA-KL-8326-11A-01R-2315-07,-0.041859254
TCGA-KL-8329-11A-01R-2315-07,-0.051774725
TCGA-KL-8332-11A-01R-2315-07,-0.07194335
TCGA-KL-8336-11A-01R-2315-07,-0.036990665
TCGA-KL-8339-11A-01R-2315-07,-0.049025428
TCGA-KN-8419-11A-01R-2315-07,-0.071690656
TCGA-KN-8422-11A-01R-2315-07,-0.05454534
TCGA-KN-8423-11A-01R-2315-07,-0.0549043
TCGA-KN-8424-11A-01R-2315-07,-0.08086228
TCGA-KN-8425-11A-01R-2315-07,-0.10762768
TCGA-KN-8426-11A-01R-2315-07,-0.048415016
TCGA-KN-8427-11A-01R-2315-07,-0.07995215
TCGA-KN-8428-11A-01R-2315-07,-0.037314944
TCGA-KN-8429-11A-01R-2315-07,-0.072046064
TCGA-KN-8430-11A-01R-2315-07,-0.09043094
TCGA-KN-8431-11A-01R-2315-07,-0.09748186
TCGA-KN-8432-11A-01R-2315-07,-0.062554464
TCGA-KN-8433-11A-01R-2315-07,-0.06534767
TCGA-KN-8434-11A-01R-2315-07,-0.052669164
TCGA-KN-8435-11A-01R-2315-07,-0.03438086
TCGA-KN-8436-11A-01R-2315-07,-0.061638933
TCGA-KN-8437-11A-01R-2315-07,-0.033515096
TCGA-KO-8403-11A-01R-2315-07,-0.08254125
TCGA-KO-8415-11A-01R-2315-07,-0.052736845
TCGA-FX-A2QS-11A-11R-A21T-07,-0.05625434
TCGA-K1-A3PO-11A-12R-A21T-07,-0.12376816
TCGA-BJ-A28R-11A-11R-A16R-07,-0.089842
TCGA-BJ-A28W-11A-11R-A32Y-07,-0.12104715
TCGA-BJ-A28X-11A-11R-A22L-07,-0.06410078
TCGA-BJ-A290-11A-11R-A180-07,-0.114894874
TCGA-BJ-A2N7-11A-11R-A18C-07,-0.12566073
TCGA-BJ-A2N8-11A-11R-A18C-07,-0.14686665
TCGA-BJ-A2N9-11A-11R-A18C-07,-0.08609556
TCGA-BJ-A2NA-11A-11R-A19O-07,-0.09912375
TCGA-BJ-A3PR-11A-11R-A220-07,-0.09835925
TCGA-BJ-A3PU-11A-11R-A220-07,-0.12873368
TCGA-DO-A1JZ-11A-11R-A13Y-07,-0.15002911
TCGA-E8-A2JQ-11A-11R-A180-07,-0.076542296
TCGA-EL-A3GZ-11A-11R-A20F-07,-0.14040187
TCGA-EL-A3H1-11A-11R-A21D-07,-0.11165142
TCGA-EL-A3H2-11A-11R-A20F-07,-0.13605015
TCGA-EL-A3H7-11A-11R-A21D-07,-0.096928716
TCGA-EL-A3MW-11A-11R-A20F-07,-0.114335
TCGA-EL-A3MX-11A-11R-A21D-07,-0.121628545
TCGA-EL-A3MY-11A-12R-A21D-07,-0.1295118
TCGA-EL-A3N2-11A-11R-A20F-07,-0.12928493
TCGA-EL-A3N3-11A-11R-A20F-07,-0.09186344
TCGA-EL-A3T0-11A-12R-A22L-07,-0.10229663
TCGA-EL-A3T1-11A-11R-A22L-07,-0.07660034
TCGA-EL-A3T2-11A-11R-A22L-07,-0.14486782
TCGA-EL-A3T3-11A-11R-A22L-07,-0.13111076
TCGA-EL-A3T6-11A-11R-A220-07,-0.094248116
TCGA-EL-A3T7-11A-21R-A22L-07,-0.115733795
TCGA-EL-A3T8-11A-11R-A22L-07,-0.10615508
TCGA-EL-A3TA-11A-12R-A22L-07,-0.11937775
TCGA-EL-A3TB-11A-11R-A22L-07,-0.12569246
TCGA-EL-A3ZG-11A-13R-A23N-07,-0.1473056
TCGA-EL-A3ZH-11A-11R-A23N-07,-0.13763602
TCGA-EL-A3ZK-11A-11R-A23N-07,-0.08554962
TCGA-EL-A3ZL-11A-11R-A23N-07,-0.11565007
TCGA-EL-A3ZM-11A-12R-A23N-07,-0.13148996
TCGA-EL-A3ZO-11A-12R-A23N-07,-0.09704297
TCGA-EL-A3ZP-11A-11R-A23N-07,-0.07342449
TCGA-EL-A3ZQ-11A-11R-A23N-07,-0.090749316
TCGA-EL-A3ZR-11A-11R-A23N-07,-0.089960605
TCGA-EL-A3ZS-11A-11R-A23N-07,-0.064706534
TCGA-EL-A3ZT-11A-13R-A23N-07,-0.12285151
TCGA-EM-A1CS-11A-21R-A13Y-07,-0.13034394
TCGA-EM-A1CT-11A-11R-A13Y-07,-0.14567304
TCGA-EM-A1CU-11A-11R-A13Y-07,-0.12431877
TCGA-EM-A1CV-11A-11R-A13Y-07,-0.16420631
TCGA-EM-A1CW-11A-12R-A13Y-07,-0.15791829
TCGA-EM-A1YC-11A-11R-A14Y-07,-0.09581416
TCGA-EM-A3ST-11A-11R-A22U-07,-0.13471556
TCGA-ET-A2MX-11C-11R-A23N-07,-0.12374823
TCGA-ET-A2N5-11B-11R-A18C-07,-0.15045576
TCGA-ET-A3DP-11A-22R-A21D-07,-0.1475493
TCGA-ET-A3DW-11A-11R-A19O-07,-0.15038797
TCGA-FY-A3TY-11A-12R-A22U-07,-0.12146657
TCGA-GE-A2C6-11A-11R-A16R-07,-0.078311436
TCGA-H2-A2K9-11A-11R-A180-07,-0.08332927
TCGA-H2-A3RI-11A-11R-A220-07,-0.10699449
TCGA-KS-A41I-11A-11R-A23N-07,-0.071852066
TCGA-KS-A41J-11A-12R-A23N-07,-0.100731716
TCGA-KS-A41L-11A-11R-A23N-07,-0.11020035
TCGA-GN-A4U8-11A-11R-A32P-07,-0.10094853
TCGA-06-0675-11A-32R-A36H-07,-0.06176313
TCGA-06-0678-11A-32R-A36H-07,-0.0642395
TCGA-06-0680-11A-32R-A36H-07,-0.068177484
TCGA-06-0681-11A-41R-A36H-07,-0.0645316
TCGA-06-AABW-11A-31R-A36H-07,-0.0967605
TCGA-A4-A4ZT-11A-11R-A26U-07,-0.078735195
TCGA-A4-A57E-11A-11R-A26U-07,-0.056179043
TCGA-B9-4115-11A-01R-1758-07,-0.061453793
TCGA-BQ-5875-11A-01R-1592-07,-0.04651088
TCGA-BQ-5877-11A-01R-1592-07,-0.07608713
TCGA-BQ-5878-11A-01R-1592-07,-0.06996073
TCGA-BQ-5879-11A-01R-1592-07,-0.0743788
TCGA-BQ-5882-11A-01R-1592-07,-0.074542746
TCGA-BQ-5884-11A-01R-1592-07,-0.06603292
TCGA-BQ-5887-11A-01R-1965-07,-0.06739375
TCGA-BQ-5888-11A-01R-1592-07,-0.05700956
TCGA-BQ-5890-11A-01R-1592-07,-0.022065919
TCGA-BQ-5891-11A-01R-1592-07,-0.05657023
TCGA-BQ-5894-11A-01R-1592-07,-0.07734163
TCGA-BQ-7044-11A-01R-1965-07,-0.046699014
TCGA-BQ-7045-11A-01R-1965-07,-0.048086733
TCGA-BQ-7046-11A-01R-1965-07,-0.065638274
TCGA-BQ-7051-11A-02R-1965-07,-0.04397463
TCGA-BQ-7055-11A-01R-1965-07,-0.05479073
TCGA-BQ-7059-11A-01R-1965-07,-0.039587423
TCGA-BQ-7061-11A-01R-1965-07,-0.08346014
TCGA-DZ-6131-11A-01R-1965-07,-0.08620226
TCGA-DZ-6132-11A-01R-1965-07,-0.019110503
TCGA-DZ-6133-11A-01R-1965-07,-0.059263356
TCGA-DZ-6134-11A-01R-1965-07,-0.032745752
TCGA-GL-6846-11A-01R-1965-07,-0.076865986
TCGA-GL-7966-11A-01R-2204-07,-0.0456177
TCGA-GL-A59R-11A-11R-A26U-07,-0.07704046
TCGA-GL-A9DE-11A-11R-A37K-07,-0.064959876
TCGA-P4-A5E8-11A-12R-A28H-07,-0.05865285
TCGA-P4-A5ED-11A-11R-A28H-07,-0.08119489
TCGA-Y8-A8RY-11A-11R-A37K-07,-0.101770446
TCGA-X7-A8D6-11A-22R-A42C-07,-0.04681343
TCGA-X7-A8D7-11A-11R-A42C-07,-0.08026796
TCGA-AF-2689-11A-01R-A32Z-07,-0.045528818
TCGA-AF-2691-11A-01R-A32Z-07,-0.05847924
TCGA-AF-2692-11A-01R-A32Z-07,-0.041524418
TCGA-AF-3400-11A-01R-A32Z-07,-0.105379365
TCGA-AF-5654-11A-11R-1660-07,-0.09350447
TCGA-AG-3725-11A-01R-1736-07,-0.054307386
TCGA-AG-3731-11A-01R-1736-07,-0.041758303
TCGA-AG-3732-11A-01R-1660-07,-0.057300504
TCGA-AG-3742-11A-01R-1660-07,-0.05446409
TCGA-AH-6643-11A-01R-1830-07,-0.040204708
TCGA-A3-3358-11A-01R-1541-07,-0.05433004
TCGA-A3-3387-11A-01R-1541-07,-0.07199617
TCGA-B0-4700-11A-01R-1541-07,-0.051832635
TCGA-B0-4712-11A-02R-1503-07,-0.10791728
TCGA-B0-5402-11A-01R-1503-07,-0.037223764
TCGA-B0-5690-11A-01R-1541-07,-0.080448136
TCGA-B0-5691-11A-01R-1541-07,-0.04643071
TCGA-B0-5694-11A-01R-1541-07,-0.042367067
TCGA-B0-5696-11A-01R-1541-07,-0.06770618
TCGA-B0-5697-11A-01R-1541-07,-0.08169245
TCGA-B0-5699-11A-01R-1541-07,-0.075699985
TCGA-B0-5701-11A-01R-1541-07,-0.0389973
TCGA-B0-5703-11A-01R-1541-07,-0.055398285
TCGA-B0-5705-11A-01R-1541-07,-0.061700404
TCGA-B0-5706-11A-01R-1541-07,-0.0831722
TCGA-B0-5709-11A-01R-1541-07,-0.050005075
TCGA-B0-5711-11A-01R-1672-07,-0.06816706
TCGA-B0-5712-11A-01R-1672-07,-0.044099975
TCGA-B2-5636-11A-01R-1541-07,-0.042318434
TCGA-B2-5641-11A-01R-1541-07,-0.097091764
TCGA-B8-4619-11A-01R-1758-07,-0.060855996
TCGA-B8-4620-11A-01R-1758-07,-0.040203545
TCGA-B8-4622-11A-01R-1758-07,-0.052211784
TCGA-B8-5549-11A-01R-1541-07,-0.10452731
TCGA-B8-5552-11A-01R-1672-07,-0.080802456
TCGA-CJ-5672-11A-01R-1541-07,-0.076508306
TCGA-CJ-5676-11A-01R-1541-07,-0.056290418
TCGA-CJ-5677-11A-01R-1541-07,-0.06226166
TCGA-CJ-5678-11A-01R-1541-07,-0.06744867
TCGA-CJ-5679-11A-01R-1541-07,-0.051177748
TCGA-CJ-5680-11A-01R-1541-07,-0.050312746
TCGA-CJ-5681-11A-01R-1541-07,-0.033150315
TCGA-CJ-5689-11A-01R-1541-07,-0.05580415
TCGA-CJ-6030-11A-01R-1672-07,-0.060284846
TCGA-CJ-6033-11A-01R-1858-07,-0.060587365
TCGA-CW-5580-11A-02R-1672-07,-0.066314675
TCGA-CW-5581-11A-01R-1541-07,-0.07757073
TCGA-CW-5584-11A-01R-1541-07,-0.055411518
TCGA-CW-5585-11A-01R-1541-07,-0.07515702
TCGA-CW-5587-11A-01R-1541-07,-0.072611876
TCGA-CW-5589-11A-01R-1541-07,-0.06394465
TCGA-CW-5591-11A-01R-1541-07,-0.08466318
TCGA-CW-6087-11A-01R-1672-07,-0.079800874
TCGA-CW-6088-11A-01R-1672-07,-0.119913734
TCGA-CW-6090-11A-01R-1672-07,-0.08685858
TCGA-CZ-4863-11A-01R-1503-07,-0.097614765
TCGA-CZ-4864-11A-01R-1503-07,-0.055040814
TCGA-CZ-4865-11A-01R-1503-07,-0.07205346
TCGA-CZ-5451-11A-01R-1503-07,-0.07144783
TCGA-CZ-5452-11A-01R-1503-07,-0.0993542
TCGA-CZ-5453-11A-01R-1503-07,-0.09620078
TCGA-CZ-5454-11A-01R-1503-07,-0.087463036
TCGA-CZ-5455-11A-01R-1503-07,-0.1071469
TCGA-CZ-5456-11A-02R-1503-07,-0.100154005
TCGA-CZ-5457-11A-01R-1503-07,-0.0986959
TCGA-CZ-5458-11A-01R-1503-07,-0.10294691
TCGA-CZ-5461-11A-01R-1503-07,-0.07174901
TCGA-CZ-5462-11A-01R-1503-07,-0.10251709
TCGA-CZ-5463-11A-01R-1503-07,-0.07220727
TCGA-CZ-5465-11A-01R-1503-07,-0.117517434
TCGA-CZ-5466-11A-01R-1503-07,-0.057512533
TCGA-CZ-5467-11A-01R-1503-07,-0.08610369
TCGA-CZ-5468-11A-01R-1503-07,-0.08791315
TCGA-CZ-5469-11A-01R-1503-07,-0.09805773
TCGA-CZ-5470-11A-01R-1503-07,-0.08522266
TCGA-CZ-5982-11A-01R-1672-07,-0.094811454
TCGA-CZ-5984-11A-01R-1672-07,-0.061191604
TCGA-CZ-5985-11A-01R-1672-07,-0.084741354
TCGA-CZ-5986-11A-01R-1672-07,-0.068421535
TCGA-CZ-5987-11A-01R-1672-07,-0.057746563
TCGA-CZ-5988-11A-01R-1672-07,-0.07845317
TCGA-CZ-5989-11A-01R-1672-07,-0.07834628
TCGA-W5-AA2I-11A-11R-A41I-07,-0.11843893
TCGA-W5-AA2Q-11A-11R-A41I-07,-0.08213685
TCGA-W5-AA2R-11A-11R-A41I-07,-0.12510978
TCGA-W5-AA2U-11A-11R-A41I-07,-0.10901736
TCGA-W5-AA2X-11A-11R-A41I-07,-0.07094066
TCGA-W5-AA30-11A-11R-A41I-07,-0.06971381
TCGA-W5-AA31-11A-11R-A41I-07,-0.11811075
TCGA-W5-AA34-11A-11R-A41I-07,-0.12709773
TCGA-ZU-A8S4-11A-11R-A41I-07,-0.104925394
TCGA-A6-2671-11A-01R-A32Z-07,-0.069290444
TCGA-A6-2675-11A-01R-1723-07,-0.06159478
TCGA-A6-2678-11A-01R-A32Z-07,-0.060782373
TCGA-A6-2679-11A-01R-A32Z-07,-0.05346261
TCGA-A6-2680-11A-01R-A32Z-07,-0.06066662
TCGA-A6-2682-11A-01R-A32Z-07,-0.06721016
TCGA-A6-2683-11A-01R-A32Z-07,-0.07493116
TCGA-A6-2684-11A-01R-A32Z-07,-0.08375301
TCGA-A6-2685-11A-01R-A32Z-07,-0.07297769
TCGA-A6-2686-11A-01R-A32Z-07,-0.06717031
TCGA-A6-5659-11A-01R-1653-07,-0.07923645
TCGA-A6-5662-11A-01R-1653-07,-0.04804597
TCGA-A6-5665-11A-01R-1653-07,-0.06843114
TCGA-A6-5667-11A-01R-1723-07,-0.065649785
TCGA-AA-3489-11A-01R-1839-07,-0.04679839
TCGA-AA-3496-11A-01R-1839-07,-0.05087581
TCGA-AA-3511-11A-01R-1839-07,-0.050307628
TCGA-AA-3514-11A-01R-A32Z-07,-0.09212574
TCGA-AA-3516-11A-01R-A32Z-07,-0.07075442
TCGA-AA-3517-11A-01R-A32Z-07,-0.062796965
TCGA-AA-3518-11A-01R-1672-07,-0.069556184
TCGA-AA-3520-11A-01R-A32Z-07,-0.0737377
TCGA-AA-3522-11A-01R-A32Z-07,-0.069807075
TCGA-AA-3525-11A-01R-A32Z-07,-0.06413024
TCGA-AA-3527-11A-01R-A32Z-07,-0.067654945
TCGA-AA-3531-11A-01R-A32Z-07,-0.073159635
TCGA-AA-3534-11A-01R-A32Z-07,-0.054497436
TCGA-AA-3655-11A-01R-1723-07,-0.059086844
TCGA-AA-3660-11A-01R-1723-07,-0.07623539
TCGA-AA-3662-11A-01R-1723-07,-0.054955475
TCGA-AA-3663-11A-01R-1723-07,-0.0443797
TCGA-AA-3697-11A-01R-1723-07,-0.05903918
TCGA-AA-3712-11A-01R-1723-07,-0.05908999
TCGA-AA-3713-11A-01R-1723-07,-0.0779423
TCGA-AZ-6598-11A-01R-1774-07,-0.039505757
TCGA-AZ-6599-11A-01R-1774-07,-0.055156883
TCGA-AZ-6600-11A-01R-1774-07,-0.06877478
TCGA-AZ-6601-11A-01R-1774-07,-0.05716625
TCGA-AZ-6603-11A-02R-1839-07,-0.035496123
TCGA-AZ-6605-11A-01R-1839-07,-0.0736994
TCGA-F4-6704-11A-01R-1839-07,-0.05819725
TCGA-BC-A10Q-11A-11R-A131-07,-0.11841406
TCGA-BC-A10R-11A-11R-A131-07,-0.13099581
TCGA-BC-A10T-11A-11R-A131-07,-0.12749055
TCGA-BC-A10U-11A-11R-A131-07,-0.107648596
TCGA-BC-A10W-11A-11R-A131-07,-0.10252993
TCGA-BC-A10X-11A-11R-A131-07,-0.10802034
TCGA-BC-A10Y-11A-11R-A131-07,-0.10075358
TCGA-BC-A10Z-11A-11R-A131-07,-0.11051778
TCGA-BC-A110-11A-11R-A131-07,-0.14320084
TCGA-BC-A216-11A-11R-A155-07,-0.092928454
TCGA-BD-A2L6-11A-21R-A213-07,-0.060592916
TCGA-BD-A3EP-11A-12R-A22L-07,-0.112425655
TCGA-DD-A113-11A-12R-A131-07,-0.12124846
TCGA-DD-A114-11A-12R-A131-07,-0.080263205
TCGA-DD-A116-11A-12R-A26B-07,-0.09423814
TCGA-DD-A118-11A-11R-A131-07,-0.14081016
TCGA-DD-A119-11A-11R-A131-07,-0.13269517
TCGA-DD-A11A-11A-11R-A131-07,-0.12224603
TCGA-DD-A11B-11A-11R-A131-07,-0.101426825
TCGA-DD-A11C-11A-11R-A131-07,-0.12598445
TCGA-DD-A11D-11A-12R-A131-07,-0.100231186
TCGA-DD-A1EB-11A-11R-A131-07,-0.11986932
TCGA-DD-A1EC-11A-11R-A131-07,-0.11009059
TCGA-DD-A1EE-11A-11R-A131-07,-0.09700904
TCGA-DD-A1EG-11A-11R-A213-07,-0.096175276
TCGA-DD-A1EH-11A-11R-A131-07,-0.12182738
TCGA-DD-A1EI-11A-11R-A131-07,-0.10737925
TCGA-DD-A1EJ-11A-11R-A155-07,-0.11243667
TCGA-DD-A1EL-11A-11R-A155-07,-0.10141921
TCGA-DD-A39V-11A-11R-A213-07,-0.1220009
TCGA-DD-A39W-11A-11R-A213-07,-0.13746776
TCGA-DD-A39X-11A-11R-A213-07,-0.1398204
TCGA-DD-A39Z-11A-21R-A213-07,-0.12855265
TCGA-DD-A3A1-11A-11R-A213-07,-0.10441074
TCGA-DD-A3A2-11A-11R-A213-07,-0.12273158
TCGA-DD-A3A3-11A-11R-A22L-07,-0.11719482
TCGA-DD-A3A4-11A-11R-A22L-07,-0.11149266
TCGA-DD-A3A5-11A-11R-A22L-07,-0.1622217
TCGA-DD-A3A6-11A-11R-A22L-07,-0.18592706
TCGA-DD-A3A8-11A-11R-A22L-07,-0.14460108
TCGA-EP-A12J-11A-11R-A131-07,-0.110715695
TCGA-EP-A26S-11A-12R-A16W-07,-0.12596801
TCGA-EP-A3RK-11A-11R-A22L-07,-0.12056488
TCGA-ES-A2HT-11A-11R-A180-07,-0.08838613
TCGA-FV-A23B-11A-11R-A16W-07,-0.068197146
TCGA-FV-A2QR-11A-11R-A213-07,-0.07679485
TCGA-FV-A3I0-11A-11R-A22L-07,-0.1603257
TCGA-FV-A3I1-11A-11R-A22L-07,-0.10671919
TCGA-FV-A3R2-11A-11R-A22L-07,-0.09224151
TCGA-G3-A3CH-11A-11R-A22L-07,-0.1069486
TCGA-IC-A6RE-11A-12R-A336-31,-0.10477212
TCGA-IC-A6RF-11A-21R-A336-31,-0.12117445
TCGA-IG-A3I8-11A-11R-A24K-31,-0.11624776
TCGA-L5-A43C-11A-11R-A24K-31,-0.08245097
TCGA-L5-A4OF-11A-12R-A260-31,-0.08498245
TCGA-L5-A4OG-11A-12R-A260-31,-0.039947312
TCGA-L5-A4OJ-11A-12R-A260-31,-0.042492997
TCGA-L5-A4OM-11A-11R-A260-31,-0.048014026
TCGA-L5-A4OO-11A-12R-A260-31,-0.062434066
TCGA-L5-A4OQ-11A-12R-A260-31,-0.10439831
TCGA-L5-A4OR-11A-11R-A260-31,-0.08658112
TCGA-BL-A13J-11A-13R-A10U-07,-0.15532802
TCGA-BT-A20N-11A-11R-A14Y-07,-0.14629611
TCGA-BT-A20Q-11A-11R-A14Y-07,-0.16637574
TCGA-BT-A20R-11A-11R-A16R-07,-0.14713378
TCGA-BT-A20U-11A-11R-A14Y-07,-0.0898427
TCGA-BT-A20W-11A-11R-A14Y-07,-0.046894494
TCGA-BT-A2LA-11A-11R-A18C-07,-0.0907716
TCGA-BT-A2LB-11A-11R-A18C-07,-0.08249259
TCGA-CU-A0YN-11A-11R-A10U-07,-0.1396178
TCGA-CU-A0YR-11A-13R-A10U-07,-0.08107731
TCGA-GC-A3BM-11A-11R-A22U-07,-0.06880086
TCGA-GC-A3WC-11A-11R-A22U-07,-0.06469421
TCGA-GC-A6I3-11A-11R-A31N-07,-0.055621523
TCGA-GD-A2C5-11A-11R-A180-07,-0.05604798
TCGA-GD-A3OP-11A-11R-A220-07,-0.0778199
TCGA-GD-A3OQ-11A-21R-A220-07,-0.06144418
TCGA-K4-A3WV-11A-21R-A22U-07,-0.09099908
TCGA-K4-A54R-11A-11R-A26T-07,-0.09619432
TCGA-K4-A5RI-11A-11R-A28M-07,-0.05587218
